Workbook

Sheet calculator
A1: ROH | C1: {=INDEX('raw'!$D$1:$AY$1,1,$X$1+1)} -> 07.30 | D1: {=INDEX('raw'!$D$1:$AY$1,1,$X$1+2)} -> 08.00 | E1: {=INDEX('raw'!$D$1:$AY$1,1,$X$1+3)} -> 08.30 | F1: {=INDEX('raw'!$D$1:$AY$1,1,$X$1+4)} -> 09.00 | G1: {=INDEX('raw'!$D$1:$AY$1,1,$X$1+5)} -> 09.30 | H1: {=INDEX('raw'!$D$1:$AY$1,1,$X$1+6)} -> 10.00 | I1: {=INDEX('raw'!$D$1:$AY$1,1,$X$1+7)} -> 10.30 | J1: {=INDEX('raw'!$D$1:$AY$1,1,$X$1+8)} -> 11.00 | K1: {=INDEX('raw'!$D$1:$AY$1,1,$X$1+9)} -> 11.30 | L1: {=INDEX('raw'!$D$1:$AY$1,1,$X$1+10)} -> 12.00 | M1: {=INDEX('raw'!$D$1:$AY$1,1,$X$1+11)} -> 12.30 | N1: {=INDEX('raw'!$D$1:$AY$1,1,$X$1+12)} -> 13.00 | O1: {=INDEX('raw'!$D$1:$AY$1,1,$X$1+13)} -> 13.30 | P1: {=INDEX('raw'!$D$1:$AY$1,1,$X$1+14)} -> 14.00 | Q1: {=INDEX('raw'!$D$1:$AY$1,1,$X$1+15)} -> 14.30 | R1: {=INDEX('raw'!$D$1:$AY$1,1,$X$1+16)} -> 15.00 | S1: {=INDEX('raw'!$D$1:$AY$1,1,$X$1+17)} -> 15.30 | T1: {=INDEX('raw'!$D$1:$AY$1,1,$X$1+18)} -> 16.00 | U1: {=INDEX('raw'!$D$1:$AY$1,1,$X$1+19)} -> 16.30 | V1: {=INDEX('raw'!$D$1:$AY$1,1,$X$1+20)} -> 17.00 | W1: PAGI | X1: =IF(W1="PAGI",14,IF(W1="SIANG",28,IF(W1="MALAM",0,0))) -> 14 | Y1: stiffness Mw/Hz | Z1: 1800 | AA1: 0.07 | AB1: =Z1*AA1 -> 126 | AC1: =AB1*2 -> 252 | AD1: =50.08 -> 50.08 | AE1: 0.16 | AI1: SAGULING | AK1: CIRATA | AM1: JATILUHUR | AO1: MRICA
A2: Load Sistem | C2: =IFERROR(SUMIFS(INDEX(raw[[00.30]:[24.00]],0,$X$1+1),raw[Source.Name],$A$136,raw[LOKASI],"Pembangkitan Total"),0) -> 29081.21 | D2: =IFERROR(SUMIFS(INDEX(raw[[00.30]:[24.00]],0,$X$1+2),raw[Source.Name],$A$136,raw[LOKASI],"Pembangkitan Total"),0) -> 30172.79 | E2: =IFERROR(SUMIFS(INDEX(raw[[00.30]:[24.00]],0,$X$1+3),raw[Source.Name],$A$136,raw[LOKASI],"Pembangkitan Total"),0) -> 30794.42 | F2: =IFERROR(SUMIFS(INDEX(raw[[00.30]:[24.00]],0,$X$1+4),raw[Source.Name],$A$136,raw[LOKASI],"Pembangkitan Total"),0) -> 31781.8 | G2: =IFERROR(SUMIFS(INDEX(raw[[00.30]:[24.00]],0,$X$1+5),raw[Source.Name],$A$136,raw[LOKASI],"Pembangkitan Total"),0) -> 32211.34 | H2: =IFERROR(SUMIFS(INDEX(raw[[00.30]:[24.00]],0,$X$1+6),raw[Source.Name],$A$136,raw[LOKASI],"Pembangkitan Total"),0) -> 32575.63 | I2: =IFERROR(SUMIFS(INDEX(raw[[00.30]:[24.00]],0,$X$1+7),raw[Source.Name],$A$136,raw[LOKASI],"Pembangkitan Total"),0) -> 32947.04 | J2: =IFERROR(SUMIFS(INDEX(raw[[00.30]:[24.00]],0,$X$1+8),raw[Source.Name],$A$136,raw[LOKASI],"Pembangkitan Total"),0) -> 32989.9 | K2: =IFERROR(SUMIFS(INDEX(raw[[00.30]:[24.00]],0,$X$1+9),raw[Source.Name],$A$136,raw[LOKASI],"Pembangkitan Total"),0) -> 32610.08 | L2: =IFERROR(SUMIFS(INDEX(raw[[00.30]:[24.00]],0,$X$1+10),raw[Source.Name],$A$136,raw[LOKASI],"Pembangkitan Total"),0) -> 31821.85 | M2: =IFERROR(SUMIFS(INDEX(raw[[00.30]:[24.00]],0,$X$1+11),raw[Source.Name],$A$136,raw[LOKASI],"Pembangkitan Total"),0) -> 31714.15 | N2: =IFERROR(SUMIFS(INDEX(raw[[00.30]:[24.00]],0,$X$1+12),raw[Source.Name],$A$136,raw[LOKASI],"Pembangkitan Total"),0) -> 32621.49 | O2: =IFERROR(SUMIFS(INDEX(raw[[00.30]:[24.00]],0,$X$1+13),raw[Source.Name],$A$136,raw[LOKASI],"Pembangkitan Total"),0) -> 33774.11 | P2: =IFERROR(SUMIFS(INDEX(raw[[00.30]:[24.00]],0,$X$1+14),raw[Source.Name],$A$136,raw[LOKASI],"Pembangkitan Total"),0) -> 33879.92 | Q2: =IFERROR(SUMIFS(INDEX(raw[[00.30]:[24.00]],0,$X$1+15),raw[Source.Name],$A$136,raw[LOKASI],"Pembangkitan Total"),0) -> 33971.93 | R2: =IFERROR(SUMIFS(INDEX(raw[[00.30]:[24.00]],0,$X$1+16),raw[Source.Name],$A$136,raw[LOKASI],"Pembangkitan Total"),0) -> 33946.69 | S2: =IFERROR(SUMIFS(INDEX(raw[[00.30]:[24.00]],0,$X$1+17),raw[Source.Name],$A$136,raw[LOKASI],"Pembangkitan Total"),0) -> 33924.35 | T2: =IFERROR(SUMIFS(INDEX(raw[[00.30]:[24.00]],0,$X$1+18),raw[Source.Name],$A$136,raw[LOKASI],"Pembangkitan Total"),0) -> 33529.12 | U2: =IFERROR(SUMIFS(INDEX(raw[[00.30]:[24.00]],0,$X$1+19),raw[Source.Name],$A$136,raw[LOKASI],"Pembangkitan Total"),0) -> 33277.24 | V2: =IFERROR(SUMIFS(INDEX(raw[[00.30]:[24.00]],0,$X$1+20),raw[Source.Name],$A$136,raw[LOKASI],"Pembangkitan Total"),0) -> 33099.62 | AA2: 50 | AB2: =AA2/Z1 -> 0.027777778 | AD2: 50 | AE2: =AD2-AB2 -> 49.972222 | AF2: =AD2+AB2 -> 50.027778 | AH2: MAX | AI2: 643 | AK2: 220 | AM2: 107 | AO2: 231
A3: Trend Naik/Turun | D3: =D2-C2 -> 1091.58 | E3: =E2-D2 -> 621.63 | F3: =F2-E2 -> 987.38 | G3: =G2-F2 -> 429.54 | H3: =H2-G2 -> 364.29 | I3: =I2-H2 -> 371.41 | J3: =J2-I2 -> 42.86 | K3: =K2-J2 -> -379.82 | ... V3: =V2-U2 -> -177.62 | AH3: Basah | AI3: 636.2 | AK3: 213 | AM3: 98.3 | AO3: Target | AP3: 227.65
A4: SCH Contribute | D4: =D68-C68 -> 203.75 | E4: =E68-D68 -> 81.5 | F4: =F68-E68 -> 81.5 | G4: =G68-F68 -> 81.5 | H4: =H68-G68 -> 81.5 | I4: =I68-H68 -> 81.5 | J4: =J68-I68 -> 81.5 | K4: =K68-J68 -> 78.99 | ... V4: =V68-U68 -> 0 | AH4: Normal | AI4: 632.9 | AK4: 210.4 | AM4: 94.9 | AO4: Now | AP4: 230.26
A5: Additional | D5: =SUM(D7:D67) -> 0 | E5: =SUM(E7:E67) -> 0 | F5: =SUM(F7:F67) -> 0 | G5: =SUM(G7:G67) -> 1480 | H5: =SUM(H7:H67) -> 0 | I5: =SUM(I7:I67) -> 0 | J5: =SUM(J7:J67) -> 0 | K5: =SUM(K7:K67) -> 0 | ... V5: =SUM(V7:V67) -> 0 | AH5: Kering | AI5: 627.3 | AK5: 207 | AM5: 90.3 | AO5: Inflow | AP5: 82
X6: real | Y6: roh | Z6: int | AA6: PR | AH6: Stop Unit | AI6: 625 | AK6: 206 | AM6: 87.5
A7: PLTU ADPLA #1 | B7: FALSE | X7: =(IFERROR(AVERAGEIF(INDEX(RT!$D$1:$AY$812,MATCH("PLTU ADIPALA #1",RT!$A$1:$A$812,0),0),"<>0"),0))/615 -> 0.74526028 | Y7: {=SUMPRODUCT((raw[Source.Name]="ROH")*(raw[LOKASI]="PLTU ADIPALA #1")*raw[[00.30]:[24.00]])/48/615} -> 0.73170732 | Z7: {=(SUMPRODUCT((raw[Source.Name]="INT")*(raw[LOKASI]="PLTU ADIPALA #1")*raw[[00.30]:[24.00]])/48)/615} -> 0.73170732 | AH7: MIN | AI7: 623 | AK7: 206.07 | AM7: 75 | AO7: 226
A8: PLTU CLCAP #4 | B8: FALSE | X8: =(IFERROR(AVERAGEIF(INDEX(RT!$D$1:$AY$812,MATCH("PLTU CLCAP #4",RT!$A$1:$A$812,0),0),"<>0"),0))/945 -> 0.52851615 | Y8: {=(SUMPRODUCT((raw[Source.Name]="ROH")*(raw[LOKASI]="PLTU CLCAP #4")*raw[[00.30]:[24.00]])/48)/945} -> 0.51851852 | Z8: {=(SUMPRODUCT((raw[Source.Name]="INT")*(raw[LOKASI]="PLTU CLCAP #4")*raw[[00.30]:[24.00]])/48)/945} -> 0.52910053 | AB8: RR | AC8: menit
A9: PLTU TJATI #3 | B9: TRUE | X9: =(IFERROR(AVERAGEIF(INDEX(RT!$D$1:$AY$812,MATCH("PLTU TJATI #3",RT!$A$1:$A$812,0),0),"<>0"),0)+IFERROR(AVERAGEIF(INDEX(RT!$D$1:$AY$812,MATCH("PLTU TJATI #4",RT!$A$1:$A$812,0),0),"<>0"),0))/(660.8*2) -> 0.77080098 | Y9: {=(SUMPRODUCT((raw[Source.Name]="ROH")*(raw[LOKASI]="PLTU TJATI #3")*raw[[00.30]:[24.00]])/48+SUMPRODUCT((raw[Source.Name]="ROH")*(raw[LOKASI]="PLTU TJATI #4")*raw[[00.30]:[24.00]])/48)/(660.8*2)} -> 0.97158069 | Z9: {=(SUMPRODUCT((raw[Source.Name]="INT")*(raw[LOKASI]="PLTU TJATI #3")*raw[[00.30]:[24.00]])/48+SUMPRODUCT((raw[Source.Name]="INT")*(raw[LOKASI]="PLTU TJATI #4")*raw[[00.30]:[24.00]])/48)/(660.8*2)} -> 0.98022394 | AB9: 10 | AC9: 30 | AD9: =AB9*AC9 -> 300 | AF9: MT | AG9: 1.1
A10: PLTU TJATI #4 | B10: TRUE | AG10: 1.2
A11: PLTU LBE #1 | B11: TRUE | X11: =(IFERROR(AVERAGEIF(INDEX(RT!$D$1:$AY$812,MATCH("PLTU LBE #1",RT!$A$1:$A$812,0),0),"<>0"),0))/625 -> 0.82952727 | Y11: {=(SUMPRODUCT((raw[Source.Name]="ROH")*(raw[LOKASI]="PLTU LBE #1")*raw[[00.30]:[24.00]])/48)/625} -> 0.98 | Z11: {=(SUMPRODUCT((raw[Source.Name]="INT")*(raw[LOKASI]="PLTU LBE #1")*raw[[00.30]:[24.00]])/48)/625} -> 0.9594 | AG11: 1.3
A12: PLTU TJATIBJP #5 | B12: FALSE | X12: =(IFERROR(AVERAGEIF(INDEX(RT!$D$1:$AY$812,MATCH("PLTU TJATIBJP #5",RT!$A$1:$A$812,0),0),"<>0"),0)+IFERROR(AVERAGEIF(INDEX(RT!$D$1:$AY$812,MATCH("PLTU TJATIBJP #6",RT!$A$1:$A$812,0),0),"<>0"),0))/(1000*2) -> 0.94885085 | Y12: {=(SUMPRODUCT((raw[Source.Name]="ROH")*(raw[LOKASI]="PLTU TJATIBJP #5")*raw[[00.30]:[24.00]])/48+SUMPRODUCT((raw[Source.Name]="ROH")*(raw[LOKASI]="PLTU TJATIBJP #6")*raw[[00.30]:[24.00]])/48)/(1000*2)} -> 0.98 | Z12: {=(SUMPRODUCT((raw[Source.Name]="INT")*(raw[LOKASI]="PLTU TJATIBJP #5")*raw[[00.30]:[24.00]])/48+SUMPRODUCT((raw[Source.Name]="INT")*(raw[LOKASI]="PLTU TJATIBJP #6")*raw[[00.30]:[24.00]])/48)/(1000*2)} -> 0.98 | AG12: 1.0
A13: PLTU TJATIBJP #6 | B13: FALSE | AG13: 2.1 | AH13: operasi | AI13: combine | AJ13: 135 | AK13: STOP
A14: PLTU BATANG #1 | B14: FALSE | X14: =(IFERROR(AVERAGEIF(INDEX(RT!$D$1:$AY$812,MATCH("PLTU BATANG #1",RT!$A$1:$A$812,0),0),"<>0"),0)+IFERROR(AVERAGEIF(INDEX(RT!$D$1:$AY$812,MATCH("PLTU BATANG #2",RT!$A$1:$A$812,0),0),"<>0"),0))/(950*2) -> 0.90767068 | Y14: {=(SUMPRODUCT((raw[Source.Name]="ROH")*(raw[LOKASI]="PLTU BATANG #1")*raw[[00.30]:[24.00]])/48+SUMPRODUCT((raw[Source.Name]="ROH")*(raw[LOKASI]="PLTU BATANG #2")*raw[[00.30]:[24.00]])/48)/(950*2)} -> 0.95421053 | Z14: {=(SUMPRODUCT((raw[Source.Name]="INT")*(raw[LOKASI]="PLTU BATANG #1")*raw[[00.30]:[24.00]])/48+SUMPRODUCT((raw[Source.Name]="INT")*(raw[LOKASI]="PLTU BATANG #2")*raw[[00.30]:[24.00]])/48)/(950*2)} -> 0.96096491 | AG14: 2.2 | AH14: operasi | AI14: combine | AJ14: 135
A15: PLTU BATANG #2 | B15: FALSE | AC15: 14.1 | AD15: 4.34 | AE15: 440 | AG15: 2.0
A16: PLTU JAWA #09 | B16: FALSE | G16: 100 | X16: =(IFERROR(AVERAGEIF(INDEX(RT!$D$1:$AY$812,MATCH("PLTU JAWA #09",RT!$A$1:$A$812,0),0),"<>0"),0)+IFERROR(AVERAGEIF(INDEX(RT!$D$1:$AY$812,MATCH("PLTU JAWA #10",RT!$A$1:$A$812,0),0),"<>0"),0))/(1000*2) -> 0.74513636 | Y16: {=(SUMPRODUCT((raw[Source.Name]="ROH")*(raw[LOKASI]="PLTU JAWA #09")*raw[[00.30]:[24.00]])/48+SUMPRODUCT((raw[Source.Name]="ROH")*(raw[LOKASI]="PLTU JAWA #10")*raw[[00.30]:[24.00]])/48)/(1000*2)} -> 0.98 | Z16: {=(SUMPRODUCT((raw[Source.Name]="INT")*(raw[LOKASI]="PLTU JAWA #09")*raw[[00.30]:[24.00]])/48+SUMPRODUCT((raw[Source.Name]="INT")*(raw[LOKASI]="PLTU JAWA #10")*raw[[00.30]:[24.00]])/48)/(1000*2)} -> 0.965 | AC16: gas | AD16: sikron gas | AE16: co hsd | AG16: 3.1
A17: PLTU JAWA #10 | B17: FALSE | G17: 100 | AA17: 30 | AB17: 3 jam | AG17: 3.2
A18: PLTU TJ AWAR2 #1 | B18: FALSE | X18: =(IFERROR(AVERAGEIF(INDEX(RT!$D$1:$AY$812,MATCH("PLTU TJ AWAR2 #1",RT!$A$1:$A$812,0),0),"<>0"),0)+IFERROR(AVERAGEIF(INDEX(RT!$D$1:$AY$812,MATCH("PLTU TJ AWAR2 #2",RT!$A$1:$A$812,0),0),"<>0"),0))/(323*2) -> 0.40177315 | Y18: {=(SUMPRODUCT((raw[Source.Name]="ROH")*(raw[LOKASI]="PLTU TJ AWAR2 #1")*raw[[00.30]:[24.00]])/48+SUMPRODUCT((raw[Source.Name]="ROH")*(raw[LOKASI]="PLTU TJ AWAR2 #2")*raw[[00.30]:[24.00]])/48)/(323*2)} -> 0.49759739 | Z18: {=(SUMPRODUCT((raw[Source.Name]="INT")*(raw[LOKASI]="PLTU TJ AWAR2 #1")*raw[[00.30]:[24.00]])/48+SUMPRODUCT((raw[Source.Name]="INT")*(raw[LOKASI]="PLTU TJ AWAR2 #2")*raw[[00.30]:[24.00]])/48)/(323*2)} -> 0.47232166 | AA18: 30 | AB18: 2jam | AG18: 3.3 | AH18: operasi | AI18: hsd | AJ18: 135 | AK18: STOP
A19: PLTU TJ AWAR2 #2 | B19: FALSE | AA19: 30 | AG19: 3.0
A20: PLTU TJATI #1 | B20: FALSE | X20: =(IFERROR(AVERAGEIF(INDEX(RT!$D$1:$AY$812,MATCH("PLTU TJATI #1",RT!$A$1:$A$812,0),0),"<>0"),0)+IFERROR(AVERAGEIF(INDEX(RT!$D$1:$AY$812,MATCH("PLTU TJATI #2",RT!$A$1:$A$812,0),0),"<>0"),0))/(660.8*2) -> 0.81080353 | Y20: {=(SUMPRODUCT((raw[Source.Name]="ROH")*(raw[LOKASI]="PLTU TJATI #1")*raw[[00.30]:[24.00]])/48+SUMPRODUCT((raw[Source.Name]="ROH")*(raw[LOKASI]="PLTU TJATI #2")*raw[[00.30]:[24.00]])/48)/(660.8*2)} -> 0.96518551 | Z20: {=(SUMPRODUCT((raw[Source.Name]="INT")*(raw[LOKASI]="PLTU TJATI #1")*raw[[00.30]:[24.00]])/48+SUMPRODUCT((raw[Source.Name]="INT")*(raw[LOKASI]="PLTU TJATI #2")*raw[[00.30]:[24.00]])/48)/(660.8*2)} -> 0.91799571 | AG20: 4.1 | AH20: operasi | AI20: combine | AJ20: 100 | AK20: STOP
A21: PLTU TJATI #2 | B21: FALSE | AG21: 4.2 | AH21: operasi | AI21: combine | AJ21: 100
A22: PLTU PITON #1 | B22: FALSE | G22: -300 | X22: =(IFERROR(AVERAGEIF(INDEX(RT!$D$1:$AY$812,MATCH("PLTU PITON #1",RT!$A$1:$A$812,0),0),"<>0"),0)+IFERROR(AVERAGEIF(INDEX(RT!$D$1:$AY$812,MATCH("PLTU PITON #2",RT!$A$1:$A$812,0),0),"<>0"),0))/(370*2) -> 0.70036855 | Y22: {=(SUMPRODUCT((raw[Source.Name]="ROH")*(raw[LOKASI]="PLTU PITON #1")*raw[[00.30]:[24.00]])/48+SUMPRODUCT((raw[Source.Name]="ROH")*(raw[LOKASI]="PLTU PITON #2")*raw[[00.30]:[24.00]])/48)/(370*2)} -> 0.79448198 | Z22: {=(SUMPRODUCT((raw[Source.Name]="INT")*(raw[LOKASI]="PLTU PITON #1")*raw[[00.30]:[24.00]])/48+SUMPRODUCT((raw[Source.Name]="INT")*(raw[LOKASI]="PLTU PITON #2")*raw[[00.30]:[24.00]])/48)/(370*2)} -> 0.87190315 | AG22: 4.3 | AH22: operasi | AI22: combine | AJ22: 100 | AM22: variasi musim | AN22: DMN-DMP-POMO-FODER-RS
A23: PLTU PITON #2 | B23: FALSE | AG23: 4.0
A24: PLTU Jawa Power #5 | B24: TRUE | G24: 200 | X24: =(IFERROR(AVERAGEIF(INDEX(RT!$D$1:$AY$812,MATCH("PLTU Jawa Power #5",RT!$A$1:$A$812,0),0),"<>0"),0)+IFERROR(AVERAGEIF(INDEX(RT!$D$1:$AY$812,MATCH("PLTU Jawa Power #6",RT!$A$1:$A$812,0),0),"<>0"),0))/(610*2) -> 0.31147541 | Y24: {=(SUMPRODUCT((raw[Source.Name]="ROH")*(raw[LOKASI]="PLTU Jawa Power #5")*raw[[00.30]:[24.00]])/48+SUMPRODUCT((raw[Source.Name]="ROH")*(raw[LOKASI]="PLTU Jawa Power #6")*raw[[00.30]:[24.00]])/48)/(610*2)} -> 0.49965847 | Z24: {=(SUMPRODUCT((raw[Source.Name]="INT")*(raw[LOKASI]="PLTU Jawa Power #5")*raw[[00.30]:[24.00]])/48+SUMPRODUCT((raw[Source.Name]="INT")*(raw[LOKASI]="PLTU Jawa Power #6")*raw[[00.30]:[24.00]])/48)/(610*2)} -> 0.48668033 | AG24: 5.1
A25: PLTU Jawa Power #6 | B25: TRUE | G25: 200 | AG25: 5.0
A26: PLTU PEC #3 | B26: TRUE | X26: =(IFERROR(AVERAGEIF(INDEX(RT!$D$1:$AY$812,MATCH("PLTU PEC #3",RT!$A$1:$A$812,0),0),"<>0"),0))/811 -> 0.013339312 | Y26: {=(SUMPRODUCT((raw[Source.Name]="ROH")*(raw[LOKASI]="PLTU PEC #3")*raw[[00.30]:[24.00]])/48)/811} -> 0.61503262 | Z26: {=(SUMPRODUCT((raw[Source.Name]="INT")*(raw[LOKASI]="PLTU PEC #3")*raw[[00.30]:[24.00]])/48)/811} -> 0.49253262 | AF26: TL | AG26: 1.1 | AH26: operasi | AI26: BBM | AJ26: 80
A27: PLTU CLCAP #3 | B27: TRUE | AG27: 2.1 | AH27: operasi | AI27: BBM | AJ27: 80
A28: PLTU JAWA 7 #1 | B28: FALSE | X28: =(IFERROR(AVERAGEIF(INDEX(RT!$D$1:$AY$812,MATCH("PLTU JAWA 7 #1",RT!$A$1:$A$812,0),0),"<>0"),0)+IFERROR(AVERAGEIF(INDEX(RT!$D$1:$AY$812,MATCH("PLTU JAWA 7 #2",RT!$A$1:$A$812,0),0),"<>0"),0))/(991*2) -> 0.3413907 | Y28: {=(SUMPRODUCT((raw[Source.Name]="ROH")*(raw[LOKASI]="PLTU JAWA 7 #1")*raw[[00.30]:[24.00]])/48+SUMPRODUCT((raw[Source.Name]="ROH")*(raw[LOKASI]="PLTU JAWA 7 #2")*raw[[00.30]:[24.00]])/48)/(991*2)} -> 0.46478305 | Z28: {=(SUMPRODUCT((raw[Source.Name]="INT")*(raw[LOKASI]="PLTU JAWA 7 #1")*raw[[00.30]:[24.00]])/48+SUMPRODUCT((raw[Source.Name]="INT")*(raw[LOKASI]="PLTU JAWA 7 #2")*raw[[00.30]:[24.00]])/48)/(991*2)} -> 0.4672553 | AF28: GRS | AG28: 1.1 | AH28: operasi | AI28: BBM | AJ28: 80
A29: PLTU JAWA 7 #2 | B29: FALSE | AG29: 2.1 | AH29: operasi | AI29: BBM | AJ29: 80
A30: PLTU PAITON #9 | B30: TRUE | X30: =(IFERROR(AVERAGEIF(INDEX(RT!$D$1:$AY$812,MATCH("PLTU PAITON #9",RT!$A$1:$A$812,0),0),"<>0"),0))/615 -> 0.62601626 | Y30: {=(SUMPRODUCT((raw[Source.Name]="ROH")*(raw[LOKASI]="PLTU PAITON #9")*raw[[00.30]:[24.00]])/48)/615} -> 0.97956978 | Z30: {=(SUMPRODUCT((raw[Source.Name]="INT")*(raw[LOKASI]="PLTU PAITON #9")*raw[[00.30]:[24.00]])/48)/615} -> 0.95390921 | AF30: GRT | AG30: 1.2
A31: Suralaya 5-7 | B31: FALSE | AG31: 2.1
A32: PLTU PACITAN #1 | B32: FALSE | X32: =(IFERROR(AVERAGEIF(INDEX(RT!$D$1:$AY$812,MATCH("PLTU PACITAN #1",RT!$A$1:$A$812,0),0),"<>0"),0)+IFERROR(AVERAGEIF(INDEX(RT!$D$1:$AY$812,MATCH("PLTU PACITAN #2",RT!$A$1:$A$812,0),0),"<>0"),0))/(280*2) -> 0.3586039 | Y32: {=(SUMPRODUCT((raw[Source.Name]="ROH")*(raw[LOKASI]="PLTU PACITAN #1")*raw[[00.30]:[24.00]])/48+SUMPRODUCT((raw[Source.Name]="ROH")*(raw[LOKASI]="PLTU PACITAN #2")*raw[[00.30]:[24.00]])/48)/(280*2)} -> 0.37016369 | Z32: {=(SUMPRODUCT((raw[Source.Name]="INT")*(raw[LOKASI]="PLTU PACITAN #1")*raw[[00.30]:[24.00]])/48+SUMPRODUCT((raw[Source.Name]="INT")*(raw[LOKASI]="PLTU PACITAN #2")*raw[[00.30]:[24.00]])/48)/(280*2)} -> 0.37016369 | AG32: 2.2
A33: PLTU PACITAN #2 | B33: FALSE
A34: PLTU CEPR #1 | B34: FALSE | X34: =(IFERROR(AVERAGEIF(INDEX(RT!$D$1:$AY$812,MATCH("PLTU CEPR #1",RT!$A$1:$A$812,0),0),"<>0"),0))/924 -> 0.79161747 | Y34: {=(SUMPRODUCT((raw[Source.Name]="ROH")*(raw[LOKASI]="PLTU CEPR #1")*raw[[00.30]:[24.00]])/48)/924} -> 0.96235209 | Z34: {=(SUMPRODUCT((raw[Source.Name]="INT")*(raw[LOKASI]="PLTU CEPR #1")*raw[[00.30]:[24.00]])/48)/924} -> 0.96912495
A35: PLTU IPP CIREBON #1 | B35: TRUE | X35: =(IFERROR(AVERAGEIF(INDEX(RT!$D$1:$AY$812,MATCH("PLTU IPP CIREBON #1",RT!$A$1:$A$812,0),0),"<>0"),0))/660 -> 0.69573003 | Y35: {=(SUMPRODUCT((raw[Source.Name]="ROH")*(raw[LOKASI]="PLTU IPP CIREBON #1")*raw[[00.30]:[24.00]])/48)/660} -> 0.95494444 | Z35: {=(SUMPRODUCT((raw[Source.Name]="INT")*(raw[LOKASI]="PLTU IPP CIREBON #1")*raw[[00.30]:[24.00]])/48)/660} -> 0.95611111
A36: Celukan Bawang | B36: FALSE
A37: PLTU PEC #7 | B37: TRUE | X37: =(IFERROR(AVERAGEIF(INDEX(RT!$D$1:$AY$812,MATCH("PLTU PEC #7",RT!$A$1:$A$812,0),0),"<>0"),0)+IFERROR(AVERAGEIF(INDEX(RT!$D$1:$AY$812,MATCH("PLTU PEC #8",RT!$A$1:$A$812,0),0),"<>0"),0))/(610*2) -> 0.690462 | Y37: {=(SUMPRODUCT((raw[Source.Name]="ROH")*(raw[LOKASI]="PLTU PEC #7")*raw[[00.30]:[24.00]])/48+SUMPRODUCT((raw[Source.Name]="ROH")*(raw[LOKASI]="PLTU PEC #8")*raw[[00.30]:[24.00]])/48)/(610*2)} -> 0.97973361 | Z37: {=(SUMPRODUCT((raw[Source.Name]="INT")*(raw[LOKASI]="PLTU PEC #7")*raw[[00.30]:[24.00]])/48+SUMPRODUCT((raw[Source.Name]="INT")*(raw[LOKASI]="PLTU PEC #8")*raw[[00.30]:[24.00]])/48)/(610*2)} -> 0.95498634
A38: PLTU PEC #8 | B38: TRUE | AC38: mvar cirata jangan lebih 150 sekunder, batang kediri, suralaya sebisa mungkin dibawah 511
A39: PLTU PRATU #1 | B39: FALSE | X39: =(IFERROR(AVERAGEIF(INDEX(RT!$D$1:$AY$812,MATCH("PLTU PRATU #1",RT!$A$1:$A$812,0),0),"<>0"),0)+IFERROR(AVERAGEIF(INDEX(RT!$D$1:$AY$812,MATCH("PLTU PRATU #2",RT!$A$1:$A$812,0),0),"<>0"),0)+IFERROR(AVERAGEIF(INDEX(RT!$D$1:$AY$812,MATCH("PLTU PRATU #3",RT!$A$1:$A$812,0),0),"<>0"),0))/(323*3) -> 0.88094568 | Y39: {=(SUMPRODUCT((raw[Source.Name]="ROH")*(raw[LOKASI]="PLTU PRATU #1")*raw[[00.30]:[24.00]])/48+SUMPRODUCT((raw[Source.Name]="ROH")*(raw[LOKASI]="PLTU PRATU #2")*raw[[00.30]:[24.00]])/48+SUMPRODUCT((raw[Source.Name]="ROH")*(raw[LOKASI]="PLTU PRATU #3")*raw[[00.30]:[24.00]])/48)/(323*3)} -> 0.81525047 | Z39: {=(SUMPRODUCT((raw[Source.Name]="INT")*(raw[LOKASI]="PLTU PRATU #1")*raw[[00.30]:[24.00]])/48+SUMPRODUCT((raw[Source.Name]="INT")*(raw[LOKASI]="PLTU PRATU #2")*raw[[00.30]:[24.00]])/48+SUMPRODUCT((raw[Source.Name]="INT")*(raw[LOKASI]="PLTU PRATU #3")*raw[[00.30]:[24.00]])/48)/(323*3)} -> 0.81718782
A40: PLTU PRATU #2 | B40: FALSE
A41: PLTU PRATU #3 | B41: FALSE
A42: PLTU SRLYA #8 | B42: FALSE | X42: =(IFERROR(AVERAGEIF(INDEX(RT!$D$1:$AY$812,MATCH("PLTU SRLYA #8",RT!$A$1:$A$812,0),0),"<>0"),0))/540 -> 0.74292929 | Y42: {=(SUMPRODUCT((raw[Source.Name]="ROH")*(raw[LOKASI]="PLTU SRLYA #8")*raw[[00.30]:[24.00]])/48)/540} -> 0.74074074 | Z42: {=(SUMPRODUCT((raw[Source.Name]="INT")*(raw[LOKASI]="PLTU SRLYA #8")*raw[[00.30]:[24.00]])/48)/540} -> 0.7962963
A43: Suralaya 1-4 | B43: FALSE | X43: =(IFERROR(AVERAGEIF(INDEX(RT!$D$1:$AY$812,MATCH("PLTU SRLYA #1",RT!$A$1:$A$812,0),0),"<>0"),0)+IFERROR(AVERAGEIF(INDEX(RT!$D$1:$AY$812,MATCH("PLTU SRLYA #2",RT!$A$1:$A$812,0),0),"<>0"),0)+IFERROR(AVERAGEIF(INDEX(RT!$D$1:$AY$812,MATCH("PLTU SRLYA #3",RT!$A$1:$A$812,0),0),"<>0"),0)+IFERROR(AVERAGEIF(INDEX(RT!$D$1:$AY$812,MATCH("PLTU SRLYA #4",RT!$A$1:$A$812,0),0),"<>0"),0))/(371.5*4) -> 0.62253762 | Y43: {=(SUMPRODUCT((raw[Source.Name]="ROH")*(raw[LOKASI]="PLTU SRLYA #1")*raw[[00.30]:[24.00]])/48+SUMPRODUCT((raw[Source.Name]="ROH")*(raw[LOKASI]="PLTU SRLYA #2")*raw[[00.30]:[24.00]])/48+SUMPRODUCT((raw[Source.Name]="ROH")*(raw[LOKASI]="PLTU SRLYA #3")*raw[[00.30]:[24.00]])/48+SUMPRODUCT((raw[Source.Name]="ROH")*(raw[LOKASI]="PLTU SRLYA #4")*raw[[00.30]:[24.00]])/48)/(371.5*4)} -> 0.78394179 | Z43: {=(SUMPRODUCT((raw[Source.Name]="INT")*(raw[LOKASI]="PLTU SRLYA #1")*raw[[00.30]:[24.00]])/48+SUMPRODUCT((raw[Source.Name]="INT")*(raw[LOKASI]="PLTU SRLYA #2")*raw[[00.30]:[24.00]])/48+SUMPRODUCT((raw[Source.Name]="INT")*(raw[LOKASI]="PLTU SRLYA #3")*raw[[00.30]:[24.00]])/48+SUMPRODUCT((raw[Source.Name]="INT")*(raw[LOKASI]="PLTU SRLYA #4")*raw[[00.30]:[24.00]])/48)/(371.5*4)} -> 0.83929579
A44: PLTU REMBANG #10 | B44: FALSE | X44: =(IFERROR(AVERAGEIF(INDEX(RT!$D$1:$AY$812,MATCH("PLTU REMBANG #10",RT!$A$1:$A$812,0),0),"<>0"),0)+IFERROR(AVERAGEIF(INDEX(RT!$D$1:$AY$812,MATCH("PLTU REMBANG #20",RT!$A$1:$A$812,0),0),"<>0"),0))/(280*2) -> 0.85844394 | Y44: {=(SUMPRODUCT((raw[Source.Name]="ROH")*(raw[LOKASI]="PLTU REMBANG #10")*raw[[00.30]:[24.00]])/48+SUMPRODUCT((raw[Source.Name]="ROH")*(raw[LOKASI]="PLTU REMBANG #20")*raw[[00.30]:[24.00]])/48)/(280*2)} -> 0.77529762 | Z44: {=(SUMPRODUCT((raw[Source.Name]="INT")*(raw[LOKASI]="PLTU REMBANG #10")*raw[[00.30]:[24.00]])/48+SUMPRODUCT((raw[Source.Name]="INT")*(raw[LOKASI]="PLTU REMBANG #20")*raw[[00.30]:[24.00]])/48)/(280*2)} -> 0.86830357
A45: PLTU REMBANG #20 | B45: FALSE | AD45: =826-735 -> 91
A46: PLTU CLCAP #1 | B46: FALSE | X46: =(IFERROR(AVERAGEIF(INDEX(RT!$D$1:$AY$812,MATCH("PLTU CLCAP #1",RT!$A$1:$A$812,0),0),"<>0"),0)+IFERROR(AVERAGEIF(INDEX(RT!$D$1:$AY$812,MATCH("PLTU CLCAP #2",RT!$A$1:$A$812,0),0),"<>0"),0))/(281*2) -> 0.68421441 | Y46: {=(SUMPRODUCT((raw[Source.Name]="ROH")*(raw[LOKASI]="PLTU CLCAP #1")*raw[[00.30]:[24.00]])/48+SUMPRODUCT((raw[Source.Name]="ROH")*(raw[LOKASI]="PLTU CLCAP #2")*raw[[00.30]:[24.00]])/48)/(281*2)} -> 0.88071174 | Z46: {=(SUMPRODUCT((raw[Source.Name]="INT")*(raw[LOKASI]="PLTU CLCAP #1")*raw[[00.30]:[24.00]])/48+SUMPRODUCT((raw[Source.Name]="INT")*(raw[LOKASI]="PLTU CLCAP #2")*raw[[00.30]:[24.00]])/48)/(281*2)} -> 0.93614472
A47: PLTU CLCAP #2 | B47: FALSE
A48: PLTU INDRAMAYU #1 | B48: TRUE | X48: =(IFERROR(AVERAGEIF(INDEX(RT!$D$1:$AY$812,MATCH("PLTU INDRAMAYU #1",RT!$A$1:$A$812,0),0),"<>0"),0)+IFERROR(AVERAGEIF(INDEX(RT!$D$1:$AY$812,MATCH("PLTU INDRAMAYU #2",RT!$A$1:$A$812,0),0),"<>0"),0)+IFERROR(AVERAGEIF(INDEX(RT!$D$1:$AY$812,MATCH("PLTU INDRAMAYU #3",RT!$A$1:$A$812,0),0),"<>0"),0))/(290*3) -> 0.64524556 | Y48: {=(SUMPRODUCT((raw[Source.Name]="ROH")*(raw[LOKASI]="PLTU INDRAMAYU #1")*raw[[00.30]:[24.00]])/48+SUMPRODUCT((raw[Source.Name]="ROH")*(raw[LOKASI]="PLTU INDRAMAYU #2")*raw[[00.30]:[24.00]])/48+SUMPRODUCT((raw[Source.Name]="ROH")*(raw[LOKASI]="PLTU INDRAMAYU #3")*raw[[00.30]:[24.00]])/48)/(290*3)} -> 0.91344612 | Z48: {=(SUMPRODUCT((raw[Source.Name]="INT")*(raw[LOKASI]="PLTU INDRAMAYU #1")*raw[[00.30]:[24.00]])/48+SUMPRODUCT((raw[Source.Name]="INT")*(raw[LOKASI]="PLTU INDRAMAYU #2")*raw[[00.30]:[24.00]])/48+SUMPRODUCT((raw[Source.Name]="INT")*(raw[LOKASI]="PLTU INDRAMAYU #3")*raw[[00.30]:[24.00]])/48)/(290*3)} -> 0.88854167
A49: PLTU INDRAMAYU #2 | B49: TRUE
A50: PLTU INDRAMAYU #3 | B50: TRUE
A51: Labuan | B51: FALSE | X51: =(IFERROR(AVERAGEIF(INDEX(RT!$D$1:$AY$812,MATCH("PLTU LABUAN #1",RT!$A$1:$A$812,0),0),"<>0"),0)+IFERROR(AVERAGEIF(INDEX(RT!$D$1:$AY$812,MATCH("PLTU LABUAN #2",RT!$A$1:$A$812,0),0),"<>0"),0))/(280*2) -> 0.94886364 | Y51: {=(SUMPRODUCT((raw[Source.Name]="ROH")*(raw[LOKASI]="PLTU LABUAN #1")*raw[[00.30]:[24.00]])/48+SUMPRODUCT((raw[Source.Name]="ROH")*(raw[LOKASI]="PLTU LABUAN #2")*raw[[00.30]:[24.00]])/48)/(280*2)} -> 0.88541667 | Z51: {=(SUMPRODUCT((raw[Source.Name]="INT")*(raw[LOKASI]="PLTU LABUAN #1")*raw[[00.30]:[24.00]])/48+SUMPRODUCT((raw[Source.Name]="INT")*(raw[LOKASI]="PLTU LABUAN #2")*raw[[00.30]:[24.00]])/48)/(280*2)} -> 0.90401786
A52: Lontar | B52: FALSE | X52: =(IFERROR(AVERAGEIF(INDEX(RT!$D$1:$AY$812,MATCH("PLTU LONTAR #1",RT!$A$1:$A$812,0),0),"<>0"),0)+IFERROR(AVERAGEIF(INDEX(RT!$D$1:$AY$812,MATCH("PLTU LONTAR #2",RT!$A$1:$A$812,0),0),"<>0"),0)+IFERROR(AVERAGEIF(INDEX(RT!$D$1:$AY$812,MATCH("PLTU LONTAR #3",RT!$A$1:$A$812,0),0),"<>0"),0)+IFERROR(AVERAGEIF(INDEX(RT!$D$1:$AY$812,MATCH("PLTU LONTAR #4",RT!$A$1:$A$812,0),0),"<>0"),0))/(280+280+280+293) -> 0.64430715 | Y52: {=(SUMPRODUCT((raw[Source.Name]="ROH")*(raw[LOKASI]="PLTU LONTAR #1")*raw[[00.30]:[24.00]])/48+SUMPRODUCT((raw[Source.Name]="ROH")*(raw[LOKASI]="PLTU LONTAR #2")*raw[[00.30]:[24.00]])/48+SUMPRODUCT((raw[Source.Name]="ROH")*(raw[LOKASI]="PLTU LONTAR #3")*raw[[00.30]:[24.00]])/48+SUMPRODUCT((raw[Source.Name]="ROH")*(raw[LOKASI]="PLTU LONTAR #4")*raw[[00.30]:[24.00]])/48)/(280+280+280+293)} -> 0.66857899 | Z52: {=(SUMPRODUCT((raw[Source.Name]="INT")*(raw[LOKASI]="PLTU LONTAR #1")*raw[[00.30]:[24.00]])/48+SUMPRODUCT((raw[Source.Name]="INT")*(raw[LOKASI]="PLTU LONTAR #2")*raw[[00.30]:[24.00]])/48+SUMPRODUCT((raw[Source.Name]="INT")*(raw[LOKASI]="PLTU LONTAR #3")*raw[[00.30]:[24.00]])/48+SUMPRODUCT((raw[Source.Name]="INT")*(raw[LOKASI]="PLTU LONTAR #4")*raw[[00.30]:[24.00]])/48)/(280+280+280+293)} -> 0.68623124
AF53: 100
A54: PLTA | G54: =175*4+120*4 -> 1180 | AF54: 100
A55: grati | AA55: pemakaian sekarang | AF55: 120
A56: mkrang1 | AA56: flow | AB56: cng | AF56: 80
A57: mkrang2 | Y57: tbrok | Z57: operasi 3 | AA57: 54.5 | AB57: 21 | AC57: =SUM(AA57:AB57) -> 75.5 | AD57: =AC57/3 -> 25.166667 | AF57: 60
A58: mkrang3 | AF58: 25
A59: mtwar | W59: prioritas gas sesuai nominasi | AF59: 120
A60: clgon | AF60: 150
A61: tbrok1 | W61: prioritas gas menjaga CNG | AF61: =SUM(AF53:AF60) -> 755 | AG61: =AF61-390 -> 365
A62: tbrok2 | AF62: =951-415 -> 536
A63: priok1/2
A64: priok3
A65: priok4
A66: CLMYA
A67: Grsik | W67: prioritas bbm gresi1
A68: TOTAL SCH | C68: {=SUMPRODUCT(IFERROR(($B$71:$B$127=1)*VALUE(C71:C127),0))} -> 5833.36 | D68: {=SUMPRODUCT(IFERROR(($B$71:$B$127=1)*VALUE(D71:D127),0))} -> 6037.11 | E68: {=SUMPRODUCT(IFERROR(($B$71:$B$127=1)*VALUE(E71:E127),0))} -> 6118.61 | F68: {=SUMPRODUCT(IFERROR(($B$71:$B$127=1)*VALUE(F71:F127),0))} -> 6200.11 | G68: {=SUMPRODUCT(IFERROR(($B$71:$B$127=1)*VALUE(G71:G127),0))} -> 6281.61 | H68: {=SUMPRODUCT(IFERROR(($B$71:$B$127=1)*VALUE(H71:H127),0))} -> 6363.11 | I68: {=SUMPRODUCT(IFERROR(($B$71:$B$127=1)*VALUE(I71:I127),0))} -> 6444.61 | J68: {=SUMPRODUCT(IFERROR(($B$71:$B$127=1)*VALUE(J71:J127),0))} -> 6526.11 | ... V68: {=SUMPRODUCT(IFERROR(($B$71:$B$127=1)*VALUE(V71:V127),0))} -> 6628.14 | AB68: TJATI4 | AC68: 650
AB69: krian ibt 6 | AC69: 1300
C70: {=INDEX('raw'!$D$1:$AY$1,1,$X$1+1)} -> 07.30 | D70: {=INDEX('raw'!$D$1:$AY$1,1,$X$1+2)} -> 08.00 | E70: {=INDEX('raw'!$D$1:$AY$1,1,$X$1+3)} -> 08.30 | F70: {=INDEX('raw'!$D$1:$AY$1,1,$X$1+4)} -> 09.00 | G70: {=INDEX('raw'!$D$1:$AY$1,1,$X$1+5)} -> 09.30 | H70: {=INDEX('raw'!$D$1:$AY$1,1,$X$1+6)} -> 10.00 | I70: {=INDEX('raw'!$D$1:$AY$1,1,$X$1+7)} -> 10.30 | J70: {=INDEX('raw'!$D$1:$AY$1,1,$X$1+8)} -> 11.00 | K70: {=INDEX('raw'!$D$1:$AY$1,1,$X$1+9)} -> 11.30 | L70: {=INDEX('raw'!$D$1:$AY$1,1,$X$1+10)} -> 12.00 | M70: {=INDEX('raw'!$D$1:$AY$1,1,$X$1+11)} -> 12.30 | N70: {=INDEX('raw'!$D$1:$AY$1,1,$X$1+12)} -> 13.00 | O70: {=INDEX('raw'!$D$1:$AY$1,1,$X$1+13)} -> 13.30 | P70: {=INDEX('raw'!$D$1:$AY$1,1,$X$1+14)} -> 14.00 | Q70: {=INDEX('raw'!$D$1:$AY$1,1,$X$1+15)} -> 14.30 | R70: {=INDEX('raw'!$D$1:$AY$1,1,$X$1+16)} -> 15.00 | S70: {=INDEX('raw'!$D$1:$AY$1,1,$X$1+17)} -> 15.30 | T70: {=INDEX('raw'!$D$1:$AY$1,1,$X$1+18)} -> 16.00 | U70: {=INDEX('raw'!$D$1:$AY$1,1,$X$1+19)} -> 16.30 | V70: {=INDEX('raw'!$D$1:$AY$1,1,$X$1+20)} -> 17.00 | AA70: 1200 | AB70: krian124gresik12 | AC70: ibt-2=320 selain ini 275, ols tahap 1 350
A71: PLTU TJATI #3 | B71: =IF(VLOOKUP(A71,$A$7:$B$52,2,FALSE),1,0) -> 1 | C71: =IFERROR(SUMIFS(INDEX(raw[[00.30]:[24.00]],0,$X$1+1),raw[Source.Name],$A$136,raw[LOKASI],$A71),0) -> 647.88 | D71: =IFERROR(SUMIFS(INDEX(raw[[00.30]:[24.00]],0,$X$1+2),raw[Source.Name],$A$136,raw[LOKASI],$A71),0) -> 647.88 | E71: =IFERROR(SUMIFS(INDEX(raw[[00.30]:[24.00]],0,$X$1+3),raw[Source.Name],$A$136,raw[LOKASI],$A71),0) -> 647.88 | F71: =IFERROR(SUMIFS(INDEX(raw[[00.30]:[24.00]],0,$X$1+4),raw[Source.Name],$A$136,raw[LOKASI],$A71),0) -> 647.88 | G71: =IFERROR(SUMIFS(INDEX(raw[[00.30]:[24.00]],0,$X$1+5),raw[Source.Name],$A$136,raw[LOKASI],$A71),0) -> 647.88 | H71: =IFERROR(SUMIFS(INDEX(raw[[00.30]:[24.00]],0,$X$1+6),raw[Source.Name],$A$136,raw[LOKASI],$A71),0) -> 647.88 | I71: =IFERROR(SUMIFS(INDEX(raw[[00.30]:[24.00]],0,$X$1+7),raw[Source.Name],$A$136,raw[LOKASI],$A71),0) -> 647.88 | J71: =IFERROR(SUMIFS(INDEX(raw[[00.30]:[24.00]],0,$X$1+8),raw[Source.Name],$A$136,raw[LOKASI],$A71),0) -> 647.88 | K71: =IFERROR(SUMIFS(INDEX(raw[[00.30]:[24.00]],0,$X$1+9),raw[Source.Name],$A$136,raw[LOKASI],$A71),0) -> 647.88 | L71: =IFERROR(SUMIFS(INDEX(raw[[00.30]:[24.00]],0,$X$1+10),raw[Source.Name],$A$136,raw[LOKASI],$A71),0) -> 647.88 | M71: =IFERROR(SUMIFS(INDEX(raw[[00.30]:[24.00]],0,$X$1+11),raw[Source.Name],$A$136,raw[LOKASI],$A71),0) -> 647.88 | N71: =IFERROR(SUMIFS(INDEX(raw[[00.30]:[24.00]],0,$X$1+12),raw[Source.Name],$A$136,raw[LOKASI],$A71),0) -> 647.88 | O71: =IFERROR(SUMIFS(INDEX(raw[[00.30]:[24.00]],0,$X$1+13),raw[Source.Name],$A$136,raw[LOKASI],$A71),0) -> 647.88 | P71: =IFERROR(SUMIFS(INDEX(raw[[00.30]:[24.00]],0,$X$1+14),raw[Source.Name],$A$136,raw[LOKASI],$A71),0) -> 647.88 | Q71: =IFERROR(SUMIFS(INDEX(raw[[00.30]:[24.00]],0,$X$1+15),raw[Source.Name],$A$136,raw[LOKASI],$A71),0) -> 647.88 | R71: =IFERROR(SUMIFS(INDEX(raw[[00.30]:[24.00]],0,$X$1+16),raw[Source.Name],$A$136,raw[LOKASI],$A71),0) -> 647.88 | S71: =IFERROR(SUMIFS(INDEX(raw[[00.30]:[24.00]],0,$X$1+17),raw[Source.Name],$A$136,raw[LOKASI],$A71),0) -> 647.88 | T71: =IFERROR(SUMIFS(INDEX(raw[[00.30]:[24.00]],0,$X$1+18),raw[Source.Name],$A$136,raw[LOKASI],$A71),0) -> 647.88 | U71: =IFERROR(SUMIFS(INDEX(raw[[00.30]:[24.00]],0,$X$1+19),raw[Source.Name],$A$136,raw[LOKASI],$A71),0) -> 647.88 | V71: =IFERROR(SUMIFS(INDEX(raw[[00.30]:[24.00]],0,$X$1+20),raw[Source.Name],$A$136,raw[LOKASI],$A71),0) -> 647.88 | AB71: cilegon | AC71: 800 | AE71: ols-1875 | AF71: n-1 1200
A72: PLTU TJATI #4 | B72: =IF(VLOOKUP(A72,$A$7:$B$52,2,FALSE),1,0) -> 1 | C72: =IFERROR(SUMIFS(INDEX(raw[[00.30]:[24.00]],0,$X$1+1),raw[Source.Name],$A$136,raw[LOKASI],$A72),0) -> 647.88 | D72: =IFERROR(SUMIFS(INDEX(raw[[00.30]:[24.00]],0,$X$1+2),raw[Source.Name],$A$136,raw[LOKASI],$A72),0) -> 647.88 | E72: =IFERROR(SUMIFS(INDEX(raw[[00.30]:[24.00]],0,$X$1+3),raw[Source.Name],$A$136,raw[LOKASI],$A72),0) -> 647.88 | F72: =IFERROR(SUMIFS(INDEX(raw[[00.30]:[24.00]],0,$X$1+4),raw[Source.Name],$A$136,raw[LOKASI],$A72),0) -> 647.88 | G72: =IFERROR(SUMIFS(INDEX(raw[[00.30]:[24.00]],0,$X$1+5),raw[Source.Name],$A$136,raw[LOKASI],$A72),0) -> 647.88 | H72: =IFERROR(SUMIFS(INDEX(raw[[00.30]:[24.00]],0,$X$1+6),raw[Source.Name],$A$136,raw[LOKASI],$A72),0) -> 647.88 | I72: =IFERROR(SUMIFS(INDEX(raw[[00.30]:[24.00]],0,$X$1+7),raw[Source.Name],$A$136,raw[LOKASI],$A72),0) -> 647.88 | J72: =IFERROR(SUMIFS(INDEX(raw[[00.30]:[24.00]],0,$X$1+8),raw[Source.Name],$A$136,raw[LOKASI],$A72),0) -> 647.88 | K72: =IFERROR(SUMIFS(INDEX(raw[[00.30]:[24.00]],0,$X$1+9),raw[Source.Name],$A$136,raw[LOKASI],$A72),0) -> 647.88 | L72: =IFERROR(SUMIFS(INDEX(raw[[00.30]:[24.00]],0,$X$1+10),raw[Source.Name],$A$136,raw[LOKASI],$A72),0) -> 647.88 | M72: =IFERROR(SUMIFS(INDEX(raw[[00.30]:[24.00]],0,$X$1+11),raw[Source.Name],$A$136,raw[LOKASI],$A72),0) -> 647.88 | N72: =IFERROR(SUMIFS(INDEX(raw[[00.30]:[24.00]],0,$X$1+12),raw[Source.Name],$A$136,raw[LOKASI],$A72),0) -> 647.88 | O72: =IFERROR(SUMIFS(INDEX(raw[[00.30]:[24.00]],0,$X$1+13),raw[Source.Name],$A$136,raw[LOKASI],$A72),0) -> 647.88 | P72: =IFERROR(SUMIFS(INDEX(raw[[00.30]:[24.00]],0,$X$1+14),raw[Source.Name],$A$136,raw[LOKASI],$A72),0) -> 647.88 | Q72: =IFERROR(SUMIFS(INDEX(raw[[00.30]:[24.00]],0,$X$1+15),raw[Source.Name],$A$136,raw[LOKASI],$A72),0) -> 647.88 | R72: =IFERROR(SUMIFS(INDEX(raw[[00.30]:[24.00]],0,$X$1+16),raw[Source.Name],$A$136,raw[LOKASI],$A72),0) -> 647.88 | S72: =IFERROR(SUMIFS(INDEX(raw[[00.30]:[24.00]],0,$X$1+17),raw[Source.Name],$A$136,raw[LOKASI],$A72),0) -> 647.88 | T72: =IFERROR(SUMIFS(INDEX(raw[[00.30]:[24.00]],0,$X$1+18),raw[Source.Name],$A$136,raw[LOKASI],$A72),0) -> 647.88 | U72: =IFERROR(SUMIFS(INDEX(raw[[00.30]:[24.00]],0,$X$1+19),raw[Source.Name],$A$136,raw[LOKASI],$A72),0) -> 647.88 | V72: =IFERROR(SUMIFS(INDEX(raw[[00.30]:[24.00]],0,$X$1+20),raw[Source.Name],$A$136,raw[LOKASI],$A72),0) -> 647.88 | AB72: grati | AC72: 750
A73: PLTU TJATIBJP #5 | B73: =IF(VLOOKUP(A73,$A$7:$B$52,2,FALSE),1,0) -> 0 | C73: =IFERROR(SUMIFS(INDEX(raw[[00.30]:[24.00]],0,$X$1+1),raw[Source.Name],$A$136,raw[LOKASI],$A73),0) -> 980 | D73: =IFERROR(SUMIFS(INDEX(raw[[00.30]:[24.00]],0,$X$1+2),raw[Source.Name],$A$136,raw[LOKASI],$A73),0) -> 980 | E73: =IFERROR(SUMIFS(INDEX(raw[[00.30]:[24.00]],0,$X$1+3),raw[Source.Name],$A$136,raw[LOKASI],$A73),0) -> 980 | F73: =IFERROR(SUMIFS(INDEX(raw[[00.30]:[24.00]],0,$X$1+4),raw[Source.Name],$A$136,raw[LOKASI],$A73),0) -> 980 | G73: =IFERROR(SUMIFS(INDEX(raw[[00.30]:[24.00]],0,$X$1+5),raw[Source.Name],$A$136,raw[LOKASI],$A73),0) -> 980 | H73: =IFERROR(SUMIFS(INDEX(raw[[00.30]:[24.00]],0,$X$1+6),raw[Source.Name],$A$136,raw[LOKASI],$A73),0) -> 980 | I73: =IFERROR(SUMIFS(INDEX(raw[[00.30]:[24.00]],0,$X$1+7),raw[Source.Name],$A$136,raw[LOKASI],$A73),0) -> 980 | J73: =IFERROR(SUMIFS(INDEX(raw[[00.30]:[24.00]],0,$X$1+8),raw[Source.Name],$A$136,raw[LOKASI],$A73),0) -> 980 | K73: =IFERROR(SUMIFS(INDEX(raw[[00.30]:[24.00]],0,$X$1+9),raw[Source.Name],$A$136,raw[LOKASI],$A73),0) -> 980 | L73: =IFERROR(SUMIFS(INDEX(raw[[00.30]:[24.00]],0,$X$1+10),raw[Source.Name],$A$136,raw[LOKASI],$A73),0) -> 980 | M73: =IFERROR(SUMIFS(INDEX(raw[[00.30]:[24.00]],0,$X$1+11),raw[Source.Name],$A$136,raw[LOKASI],$A73),0) -> 980 | N73: =IFERROR(SUMIFS(INDEX(raw[[00.30]:[24.00]],0,$X$1+12),raw[Source.Name],$A$136,raw[LOKASI],$A73),0) -> 980 | O73: =IFERROR(SUMIFS(INDEX(raw[[00.30]:[24.00]],0,$X$1+13),raw[Source.Name],$A$136,raw[LOKASI],$A73),0) -> 980 | P73: =IFERROR(SUMIFS(INDEX(raw[[00.30]:[24.00]],0,$X$1+14),raw[Source.Name],$A$136,raw[LOKASI],$A73),0) -> 980 | Q73: =IFERROR(SUMIFS(INDEX(raw[[00.30]:[24.00]],0,$X$1+15),raw[Source.Name],$A$136,raw[LOKASI],$A73),0) -> 980 | R73: =IFERROR(SUMIFS(INDEX(raw[[00.30]:[24.00]],0,$X$1+16),raw[Source.Name],$A$136,raw[LOKASI],$A73),0) -> 980 | S73: =IFERROR(SUMIFS(INDEX(raw[[00.30]:[24.00]],0,$X$1+17),raw[Source.Name],$A$136,raw[LOKASI],$A73),0) -> 980 | T73: =IFERROR(SUMIFS(INDEX(raw[[00.30]:[24.00]],0,$X$1+18),raw[Source.Name],$A$136,raw[LOKASI],$A73),0) -> 980 | U73: =IFERROR(SUMIFS(INDEX(raw[[00.30]:[24.00]],0,$X$1+19),raw[Source.Name],$A$136,raw[LOKASI],$A73),0) -> 980 | V73: =IFERROR(SUMIFS(INDEX(raw[[00.30]:[24.00]],0,$X$1+20),raw[Source.Name],$A$136,raw[LOKASI],$A73),0) -> 980 | AB73: kesugihan | AC73: 400
A74: PLTU TJATIBJP #6 | B74: =IF(VLOOKUP(A74,$A$7:$B$52,2,FALSE),1,0) -> 0 | C74: =IFERROR(SUMIFS(INDEX(raw[[00.30]:[24.00]],0,$X$1+1),raw[Source.Name],$A$136,raw[LOKASI],$A74),0) -> 980 | D74: =IFERROR(SUMIFS(INDEX(raw[[00.30]:[24.00]],0,$X$1+2),raw[Source.Name],$A$136,raw[LOKASI],$A74),0) -> 980 | E74: =IFERROR(SUMIFS(INDEX(raw[[00.30]:[24.00]],0,$X$1+3),raw[Source.Name],$A$136,raw[LOKASI],$A74),0) -> 980 | F74: =IFERROR(SUMIFS(INDEX(raw[[00.30]:[24.00]],0,$X$1+4),raw[Source.Name],$A$136,raw[LOKASI],$A74),0) -> 980 | G74: =IFERROR(SUMIFS(INDEX(raw[[00.30]:[24.00]],0,$X$1+5),raw[Source.Name],$A$136,raw[LOKASI],$A74),0) -> 980 | H74: =IFERROR(SUMIFS(INDEX(raw[[00.30]:[24.00]],0,$X$1+6),raw[Source.Name],$A$136,raw[LOKASI],$A74),0) -> 980 | I74: =IFERROR(SUMIFS(INDEX(raw[[00.30]:[24.00]],0,$X$1+7),raw[Source.Name],$A$136,raw[LOKASI],$A74),0) -> 980 | J74: =IFERROR(SUMIFS(INDEX(raw[[00.30]:[24.00]],0,$X$1+8),raw[Source.Name],$A$136,raw[LOKASI],$A74),0) -> 980 | K74: =IFERROR(SUMIFS(INDEX(raw[[00.30]:[24.00]],0,$X$1+9),raw[Source.Name],$A$136,raw[LOKASI],$A74),0) -> 980 | L74: =IFERROR(SUMIFS(INDEX(raw[[00.30]:[24.00]],0,$X$1+10),raw[Source.Name],$A$136,raw[LOKASI],$A74),0) -> 980 | M74: =IFERROR(SUMIFS(INDEX(raw[[00.30]:[24.00]],0,$X$1+11),raw[Source.Name],$A$136,raw[LOKASI],$A74),0) -> 980 | N74: =IFERROR(SUMIFS(INDEX(raw[[00.30]:[24.00]],0,$X$1+12),raw[Source.Name],$A$136,raw[LOKASI],$A74),0) -> 980 | O74: =IFERROR(SUMIFS(INDEX(raw[[00.30]:[24.00]],0,$X$1+13),raw[Source.Name],$A$136,raw[LOKASI],$A74),0) -> 980 | P74: =IFERROR(SUMIFS(INDEX(raw[[00.30]:[24.00]],0,$X$1+14),raw[Source.Name],$A$136,raw[LOKASI],$A74),0) -> 980 | Q74: =IFERROR(SUMIFS(INDEX(raw[[00.30]:[24.00]],0,$X$1+15),raw[Source.Name],$A$136,raw[LOKASI],$A74),0) -> 980 | R74: =IFERROR(SUMIFS(INDEX(raw[[00.30]:[24.00]],0,$X$1+16),raw[Source.Name],$A$136,raw[LOKASI],$A74),0) -> 980 | S74: =IFERROR(SUMIFS(INDEX(raw[[00.30]:[24.00]],0,$X$1+17),raw[Source.Name],$A$136,raw[LOKASI],$A74),0) -> 980 | T74: =IFERROR(SUMIFS(INDEX(raw[[00.30]:[24.00]],0,$X$1+18),raw[Source.Name],$A$136,raw[LOKASI],$A74),0) -> 980 | U74: =IFERROR(SUMIFS(INDEX(raw[[00.30]:[24.00]],0,$X$1+19),raw[Source.Name],$A$136,raw[LOKASI],$A74),0) -> 980 | V74: =IFERROR(SUMIFS(INDEX(raw[[00.30]:[24.00]],0,$X$1+20),raw[Source.Name],$A$136,raw[LOKASI],$A74),0) -> 980 | AB74: start up GU GT 30 menit grati CC 50 menit
A75: PLTU LBE #1 | B75: =IF(VLOOKUP(A75,$A$7:$B$52,2,FALSE),1,0) -> 1 | C75: =IFERROR(SUMIFS(INDEX(raw[[00.30]:[24.00]],0,$X$1+1),raw[Source.Name],$A$136,raw[LOKASI],$A75),0) -> 612.5 | D75: =IFERROR(SUMIFS(INDEX(raw[[00.30]:[24.00]],0,$X$1+2),raw[Source.Name],$A$136,raw[LOKASI],$A75),0) -> 612.5 | E75: =IFERROR(SUMIFS(INDEX(raw[[00.30]:[24.00]],0,$X$1+3),raw[Source.Name],$A$136,raw[LOKASI],$A75),0) -> 612.5 | F75: =IFERROR(SUMIFS(INDEX(raw[[00.30]:[24.00]],0,$X$1+4),raw[Source.Name],$A$136,raw[LOKASI],$A75),0) -> 612.5 | G75: =IFERROR(SUMIFS(INDEX(raw[[00.30]:[24.00]],0,$X$1+5),raw[Source.Name],$A$136,raw[LOKASI],$A75),0) -> 612.5 | H75: =IFERROR(SUMIFS(INDEX(raw[[00.30]:[24.00]],0,$X$1+6),raw[Source.Name],$A$136,raw[LOKASI],$A75),0) -> 612.5 | I75: =IFERROR(SUMIFS(INDEX(raw[[00.30]:[24.00]],0,$X$1+7),raw[Source.Name],$A$136,raw[LOKASI],$A75),0) -> 612.5 | J75: =IFERROR(SUMIFS(INDEX(raw[[00.30]:[24.00]],0,$X$1+8),raw[Source.Name],$A$136,raw[LOKASI],$A75),0) -> 612.5 | K75: =IFERROR(SUMIFS(INDEX(raw[[00.30]:[24.00]],0,$X$1+9),raw[Source.Name],$A$136,raw[LOKASI],$A75),0) -> 612.5 | L75: =IFERROR(SUMIFS(INDEX(raw[[00.30]:[24.00]],0,$X$1+10),raw[Source.Name],$A$136,raw[LOKASI],$A75),0) -> 612.5 | M75: =IFERROR(SUMIFS(INDEX(raw[[00.30]:[24.00]],0,$X$1+11),raw[Source.Name],$A$136,raw[LOKASI],$A75),0) -> 612.5 | N75: =IFERROR(SUMIFS(INDEX(raw[[00.30]:[24.00]],0,$X$1+12),raw[Source.Name],$A$136,raw[LOKASI],$A75),0) -> 612.5 | O75: =IFERROR(SUMIFS(INDEX(raw[[00.30]:[24.00]],0,$X$1+13),raw[Source.Name],$A$136,raw[LOKASI],$A75),0) -> 612.5 | P75: =IFERROR(SUMIFS(INDEX(raw[[00.30]:[24.00]],0,$X$1+14),raw[Source.Name],$A$136,raw[LOKASI],$A75),0) -> 612.5 | Q75: =IFERROR(SUMIFS(INDEX(raw[[00.30]:[24.00]],0,$X$1+15),raw[Source.Name],$A$136,raw[LOKASI],$A75),0) -> 612.5 | R75: =IFERROR(SUMIFS(INDEX(raw[[00.30]:[24.00]],0,$X$1+16),raw[Source.Name],$A$136,raw[LOKASI],$A75),0) -> 612.5 | S75: =IFERROR(SUMIFS(INDEX(raw[[00.30]:[24.00]],0,$X$1+17),raw[Source.Name],$A$136,raw[LOKASI],$A75),0) -> 612.5 | T75: =IFERROR(SUMIFS(INDEX(raw[[00.30]:[24.00]],0,$X$1+18),raw[Source.Name],$A$136,raw[LOKASI],$A75),0) -> 612.5 | U75: =IFERROR(SUMIFS(INDEX(raw[[00.30]:[24.00]],0,$X$1+19),raw[Source.Name],$A$136,raw[LOKASI],$A75),0) -> 612.5 | V75: =IFERROR(SUMIFS(INDEX(raw[[00.30]:[24.00]],0,$X$1+20),raw[Source.Name],$A$136,raw[LOKASI],$A75),0) -> 612.5 | AB75: jawa7 | AC75: titik buta | AD75: 800
A76: PLTU TJATI #1 | B76: =IF(VLOOKUP(A76,$A$7:$B$52,2,FALSE),1,0) -> 0 | C76: =IFERROR(SUMIFS(INDEX(raw[[00.30]:[24.00]],0,$X$1+1),raw[Source.Name],$A$136,raw[LOKASI],$A76),0) -> 647.58 | D76: =IFERROR(SUMIFS(INDEX(raw[[00.30]:[24.00]],0,$X$1+2),raw[Source.Name],$A$136,raw[LOKASI],$A76),0) -> 647.58 | E76: =IFERROR(SUMIFS(INDEX(raw[[00.30]:[24.00]],0,$X$1+3),raw[Source.Name],$A$136,raw[LOKASI],$A76),0) -> 647.58 | F76: =IFERROR(SUMIFS(INDEX(raw[[00.30]:[24.00]],0,$X$1+4),raw[Source.Name],$A$136,raw[LOKASI],$A76),0) -> 647.58 | G76: =IFERROR(SUMIFS(INDEX(raw[[00.30]:[24.00]],0,$X$1+5),raw[Source.Name],$A$136,raw[LOKASI],$A76),0) -> 647.58 | H76: =IFERROR(SUMIFS(INDEX(raw[[00.30]:[24.00]],0,$X$1+6),raw[Source.Name],$A$136,raw[LOKASI],$A76),0) -> 647.58 | I76: =IFERROR(SUMIFS(INDEX(raw[[00.30]:[24.00]],0,$X$1+7),raw[Source.Name],$A$136,raw[LOKASI],$A76),0) -> 647.58 | J76: =IFERROR(SUMIFS(INDEX(raw[[00.30]:[24.00]],0,$X$1+8),raw[Source.Name],$A$136,raw[LOKASI],$A76),0) -> 647.58 | K76: =IFERROR(SUMIFS(INDEX(raw[[00.30]:[24.00]],0,$X$1+9),raw[Source.Name],$A$136,raw[LOKASI],$A76),0) -> 647.58 | L76: =IFERROR(SUMIFS(INDEX(raw[[00.30]:[24.00]],0,$X$1+10),raw[Source.Name],$A$136,raw[LOKASI],$A76),0) -> 647.58 | M76: =IFERROR(SUMIFS(INDEX(raw[[00.30]:[24.00]],0,$X$1+11),raw[Source.Name],$A$136,raw[LOKASI],$A76),0) -> 647.58 | N76: =IFERROR(SUMIFS(INDEX(raw[[00.30]:[24.00]],0,$X$1+12),raw[Source.Name],$A$136,raw[LOKASI],$A76),0) -> 647.58 | O76: =IFERROR(SUMIFS(INDEX(raw[[00.30]:[24.00]],0,$X$1+13),raw[Source.Name],$A$136,raw[LOKASI],$A76),0) -> 647.58 | P76: =IFERROR(SUMIFS(INDEX(raw[[00.30]:[24.00]],0,$X$1+14),raw[Source.Name],$A$136,raw[LOKASI],$A76),0) -> 647.58 | Q76: =IFERROR(SUMIFS(INDEX(raw[[00.30]:[24.00]],0,$X$1+15),raw[Source.Name],$A$136,raw[LOKASI],$A76),0) -> 647.58 | R76: =IFERROR(SUMIFS(INDEX(raw[[00.30]:[24.00]],0,$X$1+16),raw[Source.Name],$A$136,raw[LOKASI],$A76),0) -> 647.58 | S76: =IFERROR(SUMIFS(INDEX(raw[[00.30]:[24.00]],0,$X$1+17),raw[Source.Name],$A$136,raw[LOKASI],$A76),0) -> 647.58 | T76: =IFERROR(SUMIFS(INDEX(raw[[00.30]:[24.00]],0,$X$1+18),raw[Source.Name],$A$136,raw[LOKASI],$A76),0) -> 647.58 | U76: =IFERROR(SUMIFS(INDEX(raw[[00.30]:[24.00]],0,$X$1+19),raw[Source.Name],$A$136,raw[LOKASI],$A76),0) -> 647.58 | V76: =IFERROR(SUMIFS(INDEX(raw[[00.30]:[24.00]],0,$X$1+20),raw[Source.Name],$A$136,raw[LOKASI],$A76),0) -> 647.58
A77: PLTU TJATI #2 | B77: =IF(VLOOKUP(A77,$A$7:$B$52,2,FALSE),1,0) -> 0 | C77: =IFERROR(SUMIFS(INDEX(raw[[00.30]:[24.00]],0,$X$1+1),raw[Source.Name],$A$136,raw[LOKASI],$A77),0) -> 647.58 | D77: =IFERROR(SUMIFS(INDEX(raw[[00.30]:[24.00]],0,$X$1+2),raw[Source.Name],$A$136,raw[LOKASI],$A77),0) -> 647.58 | E77: =IFERROR(SUMIFS(INDEX(raw[[00.30]:[24.00]],0,$X$1+3),raw[Source.Name],$A$136,raw[LOKASI],$A77),0) -> 647.58 | F77: =IFERROR(SUMIFS(INDEX(raw[[00.30]:[24.00]],0,$X$1+4),raw[Source.Name],$A$136,raw[LOKASI],$A77),0) -> 647.58 | G77: =IFERROR(SUMIFS(INDEX(raw[[00.30]:[24.00]],0,$X$1+5),raw[Source.Name],$A$136,raw[LOKASI],$A77),0) -> 647.58 | H77: =IFERROR(SUMIFS(INDEX(raw[[00.30]:[24.00]],0,$X$1+6),raw[Source.Name],$A$136,raw[LOKASI],$A77),0) -> 647.58 | I77: =IFERROR(SUMIFS(INDEX(raw[[00.30]:[24.00]],0,$X$1+7),raw[Source.Name],$A$136,raw[LOKASI],$A77),0) -> 647.58 | J77: =IFERROR(SUMIFS(INDEX(raw[[00.30]:[24.00]],0,$X$1+8),raw[Source.Name],$A$136,raw[LOKASI],$A77),0) -> 647.58 | K77: =IFERROR(SUMIFS(INDEX(raw[[00.30]:[24.00]],0,$X$1+9),raw[Source.Name],$A$136,raw[LOKASI],$A77),0) -> 647.58 | L77: =IFERROR(SUMIFS(INDEX(raw[[00.30]:[24.00]],0,$X$1+10),raw[Source.Name],$A$136,raw[LOKASI],$A77),0) -> 647.58 | M77: =IFERROR(SUMIFS(INDEX(raw[[00.30]:[24.00]],0,$X$1+11),raw[Source.Name],$A$136,raw[LOKASI],$A77),0) -> 647.58 | N77: =IFERROR(SUMIFS(INDEX(raw[[00.30]:[24.00]],0,$X$1+12),raw[Source.Name],$A$136,raw[LOKASI],$A77),0) -> 647.58 | O77: =IFERROR(SUMIFS(INDEX(raw[[00.30]:[24.00]],0,$X$1+13),raw[Source.Name],$A$136,raw[LOKASI],$A77),0) -> 647.58 | P77: =IFERROR(SUMIFS(INDEX(raw[[00.30]:[24.00]],0,$X$1+14),raw[Source.Name],$A$136,raw[LOKASI],$A77),0) -> 647.58 | Q77: =IFERROR(SUMIFS(INDEX(raw[[00.30]:[24.00]],0,$X$1+15),raw[Source.Name],$A$136,raw[LOKASI],$A77),0) -> 647.58 | R77: =IFERROR(SUMIFS(INDEX(raw[[00.30]:[24.00]],0,$X$1+16),raw[Source.Name],$A$136,raw[LOKASI],$A77),0) -> 647.58 | S77: =IFERROR(SUMIFS(INDEX(raw[[00.30]:[24.00]],0,$X$1+17),raw[Source.Name],$A$136,raw[LOKASI],$A77),0) -> 647.58 | T77: =IFERROR(SUMIFS(INDEX(raw[[00.30]:[24.00]],0,$X$1+18),raw[Source.Name],$A$136,raw[LOKASI],$A77),0) -> 647.58 | U77: =IFERROR(SUMIFS(INDEX(raw[[00.30]:[24.00]],0,$X$1+19),raw[Source.Name],$A$136,raw[LOKASI],$A77),0) -> 647.58 | V77: =IFERROR(SUMIFS(INDEX(raw[[00.30]:[24.00]],0,$X$1+20),raw[Source.Name],$A$136,raw[LOKASI],$A77),0) -> 647.58
A78: PLTU CLCAP #4 | B78: =IF(VLOOKUP(A78,$A$7:$B$52,2,FALSE),1,0) -> 0 | C78: =IFERROR(SUMIFS(INDEX(raw[[00.30]:[24.00]],0,$X$1+1),raw[Source.Name],$A$136,raw[LOKASI],$A78),0) -> 490 | D78: =IFERROR(SUMIFS(INDEX(raw[[00.30]:[24.00]],0,$X$1+2),raw[Source.Name],$A$136,raw[LOKASI],$A78),0) -> 490 | E78: =IFERROR(SUMIFS(INDEX(raw[[00.30]:[24.00]],0,$X$1+3),raw[Source.Name],$A$136,raw[LOKASI],$A78),0) -> 490 | F78: =IFERROR(SUMIFS(INDEX(raw[[00.30]:[24.00]],0,$X$1+4),raw[Source.Name],$A$136,raw[LOKASI],$A78),0) -> 490 | G78: =IFERROR(SUMIFS(INDEX(raw[[00.30]:[24.00]],0,$X$1+5),raw[Source.Name],$A$136,raw[LOKASI],$A78),0) -> 490 | H78: =IFERROR(SUMIFS(INDEX(raw[[00.30]:[24.00]],0,$X$1+6),raw[Source.Name],$A$136,raw[LOKASI],$A78),0) -> 490 | I78: =IFERROR(SUMIFS(INDEX(raw[[00.30]:[24.00]],0,$X$1+7),raw[Source.Name],$A$136,raw[LOKASI],$A78),0) -> 490 | J78: =IFERROR(SUMIFS(INDEX(raw[[00.30]:[24.00]],0,$X$1+8),raw[Source.Name],$A$136,raw[LOKASI],$A78),0) -> 490 | K78: =IFERROR(SUMIFS(INDEX(raw[[00.30]:[24.00]],0,$X$1+9),raw[Source.Name],$A$136,raw[LOKASI],$A78),0) -> 490 | L78: =IFERROR(SUMIFS(INDEX(raw[[00.30]:[24.00]],0,$X$1+10),raw[Source.Name],$A$136,raw[LOKASI],$A78),0) -> 490 | M78: =IFERROR(SUMIFS(INDEX(raw[[00.30]:[24.00]],0,$X$1+11),raw[Source.Name],$A$136,raw[LOKASI],$A78),0) -> 490 | N78: =IFERROR(SUMIFS(INDEX(raw[[00.30]:[24.00]],0,$X$1+12),raw[Source.Name],$A$136,raw[LOKASI],$A78),0) -> 490 | O78: =IFERROR(SUMIFS(INDEX(raw[[00.30]:[24.00]],0,$X$1+13),raw[Source.Name],$A$136,raw[LOKASI],$A78),0) -> 490 | P78: =IFERROR(SUMIFS(INDEX(raw[[00.30]:[24.00]],0,$X$1+14),raw[Source.Name],$A$136,raw[LOKASI],$A78),0) -> 490 | Q78: =IFERROR(SUMIFS(INDEX(raw[[00.30]:[24.00]],0,$X$1+15),raw[Source.Name],$A$136,raw[LOKASI],$A78),0) -> 490 | R78: =IFERROR(SUMIFS(INDEX(raw[[00.30]:[24.00]],0,$X$1+16),raw[Source.Name],$A$136,raw[LOKASI],$A78),0) -> 490 | S78: =IFERROR(SUMIFS(INDEX(raw[[00.30]:[24.00]],0,$X$1+17),raw[Source.Name],$A$136,raw[LOKASI],$A78),0) -> 490 | T78: =IFERROR(SUMIFS(INDEX(raw[[00.30]:[24.00]],0,$X$1+18),raw[Source.Name],$A$136,raw[LOKASI],$A78),0) -> 490 | U78: =IFERROR(SUMIFS(INDEX(raw[[00.30]:[24.00]],0,$X$1+19),raw[Source.Name],$A$136,raw[LOKASI],$A78),0) -> 490 | V78: =IFERROR(SUMIFS(INDEX(raw[[00.30]:[24.00]],0,$X$1+20),raw[Source.Name],$A$136,raw[LOKASI],$A78),0) -> 490 | AE78: 270 | AF78: 20
A79: PLTU BATANG #1 | B79: =IF(VLOOKUP(A79,$A$7:$B$52,2,FALSE),1,0) -> 0 | C79: =IFERROR(SUMIFS(INDEX(raw[[00.30]:[24.00]],0,$X$1+1),raw[Source.Name],$A$136,raw[LOKASI],$A79),0) -> 882 | D79: =IFERROR(SUMIFS(INDEX(raw[[00.30]:[24.00]],0,$X$1+2),raw[Source.Name],$A$136,raw[LOKASI],$A79),0) -> 882 | E79: =IFERROR(SUMIFS(INDEX(raw[[00.30]:[24.00]],0,$X$1+3),raw[Source.Name],$A$136,raw[LOKASI],$A79),0) -> 882 | F79: =IFERROR(SUMIFS(INDEX(raw[[00.30]:[24.00]],0,$X$1+4),raw[Source.Name],$A$136,raw[LOKASI],$A79),0) -> 882 | G79: =IFERROR(SUMIFS(INDEX(raw[[00.30]:[24.00]],0,$X$1+5),raw[Source.Name],$A$136,raw[LOKASI],$A79),0) -> 882 | H79: =IFERROR(SUMIFS(INDEX(raw[[00.30]:[24.00]],0,$X$1+6),raw[Source.Name],$A$136,raw[LOKASI],$A79),0) -> 882 | I79: =IFERROR(SUMIFS(INDEX(raw[[00.30]:[24.00]],0,$X$1+7),raw[Source.Name],$A$136,raw[LOKASI],$A79),0) -> 882 | J79: =IFERROR(SUMIFS(INDEX(raw[[00.30]:[24.00]],0,$X$1+8),raw[Source.Name],$A$136,raw[LOKASI],$A79),0) -> 882 | K79: =IFERROR(SUMIFS(INDEX(raw[[00.30]:[24.00]],0,$X$1+9),raw[Source.Name],$A$136,raw[LOKASI],$A79),0) -> 882 | L79: =IFERROR(SUMIFS(INDEX(raw[[00.30]:[24.00]],0,$X$1+10),raw[Source.Name],$A$136,raw[LOKASI],$A79),0) -> 882 | M79: =IFERROR(SUMIFS(INDEX(raw[[00.30]:[24.00]],0,$X$1+11),raw[Source.Name],$A$136,raw[LOKASI],$A79),0) -> 882 | N79: =IFERROR(SUMIFS(INDEX(raw[[00.30]:[24.00]],0,$X$1+12),raw[Source.Name],$A$136,raw[LOKASI],$A79),0) -> 882 | O79: =IFERROR(SUMIFS(INDEX(raw[[00.30]:[24.00]],0,$X$1+13),raw[Source.Name],$A$136,raw[LOKASI],$A79),0) -> 882 | P79: =IFERROR(SUMIFS(INDEX(raw[[00.30]:[24.00]],0,$X$1+14),raw[Source.Name],$A$136,raw[LOKASI],$A79),0) -> 882 | Q79: =IFERROR(SUMIFS(INDEX(raw[[00.30]:[24.00]],0,$X$1+15),raw[Source.Name],$A$136,raw[LOKASI],$A79),0) -> 882 | R79: =IFERROR(SUMIFS(INDEX(raw[[00.30]:[24.00]],0,$X$1+16),raw[Source.Name],$A$136,raw[LOKASI],$A79),0) -> 882 | S79: =IFERROR(SUMIFS(INDEX(raw[[00.30]:[24.00]],0,$X$1+17),raw[Source.Name],$A$136,raw[LOKASI],$A79),0) -> 882 | T79: =IFERROR(SUMIFS(INDEX(raw[[00.30]:[24.00]],0,$X$1+18),raw[Source.Name],$A$136,raw[LOKASI],$A79),0) -> 882 | U79: =IFERROR(SUMIFS(INDEX(raw[[00.30]:[24.00]],0,$X$1+19),raw[Source.Name],$A$136,raw[LOKASI],$A79),0) -> 882 | V79: =IFERROR(SUMIFS(INDEX(raw[[00.30]:[24.00]],0,$X$1+20),raw[Source.Name],$A$136,raw[LOKASI],$A79),0) -> 882
A80: PLTU BATANG #2 | B80: =IF(VLOOKUP(A80,$A$7:$B$52,2,FALSE),1,0) -> 0 | C80: =IFERROR(SUMIFS(INDEX(raw[[00.30]:[24.00]],0,$X$1+1),raw[Source.Name],$A$136,raw[LOKASI],$A80),0) -> 931 | D80: =IFERROR(SUMIFS(INDEX(raw[[00.30]:[24.00]],0,$X$1+2),raw[Source.Name],$A$136,raw[LOKASI],$A80),0) -> 931 | E80: =IFERROR(SUMIFS(INDEX(raw[[00.30]:[24.00]],0,$X$1+3),raw[Source.Name],$A$136,raw[LOKASI],$A80),0) -> 931 | F80: =IFERROR(SUMIFS(INDEX(raw[[00.30]:[24.00]],0,$X$1+4),raw[Source.Name],$A$136,raw[LOKASI],$A80),0) -> 931 | G80: =IFERROR(SUMIFS(INDEX(raw[[00.30]:[24.00]],0,$X$1+5),raw[Source.Name],$A$136,raw[LOKASI],$A80),0) -> 931 | H80: =IFERROR(SUMIFS(INDEX(raw[[00.30]:[24.00]],0,$X$1+6),raw[Source.Name],$A$136,raw[LOKASI],$A80),0) -> 931 | I80: =IFERROR(SUMIFS(INDEX(raw[[00.30]:[24.00]],0,$X$1+7),raw[Source.Name],$A$136,raw[LOKASI],$A80),0) -> 931 | J80: =IFERROR(SUMIFS(INDEX(raw[[00.30]:[24.00]],0,$X$1+8),raw[Source.Name],$A$136,raw[LOKASI],$A80),0) -> 931 | K80: =IFERROR(SUMIFS(INDEX(raw[[00.30]:[24.00]],0,$X$1+9),raw[Source.Name],$A$136,raw[LOKASI],$A80),0) -> 931 | L80: =IFERROR(SUMIFS(INDEX(raw[[00.30]:[24.00]],0,$X$1+10),raw[Source.Name],$A$136,raw[LOKASI],$A80),0) -> 931 | M80: =IFERROR(SUMIFS(INDEX(raw[[00.30]:[24.00]],0,$X$1+11),raw[Source.Name],$A$136,raw[LOKASI],$A80),0) -> 931 | N80: =IFERROR(SUMIFS(INDEX(raw[[00.30]:[24.00]],0,$X$1+12),raw[Source.Name],$A$136,raw[LOKASI],$A80),0) -> 931 | O80: =IFERROR(SUMIFS(INDEX(raw[[00.30]:[24.00]],0,$X$1+13),raw[Source.Name],$A$136,raw[LOKASI],$A80),0) -> 931 | P80: =IFERROR(SUMIFS(INDEX(raw[[00.30]:[24.00]],0,$X$1+14),raw[Source.Name],$A$136,raw[LOKASI],$A80),0) -> 931 | Q80: =IFERROR(SUMIFS(INDEX(raw[[00.30]:[24.00]],0,$X$1+15),raw[Source.Name],$A$136,raw[LOKASI],$A80),0) -> 931 | R80: =IFERROR(SUMIFS(INDEX(raw[[00.30]:[24.00]],0,$X$1+16),raw[Source.Name],$A$136,raw[LOKASI],$A80),0) -> 931 | S80: =IFERROR(SUMIFS(INDEX(raw[[00.30]:[24.00]],0,$X$1+17),raw[Source.Name],$A$136,raw[LOKASI],$A80),0) -> 931 | T80: =IFERROR(SUMIFS(INDEX(raw[[00.30]:[24.00]],0,$X$1+18),raw[Source.Name],$A$136,raw[LOKASI],$A80),0) -> 931 | U80: =IFERROR(SUMIFS(INDEX(raw[[00.30]:[24.00]],0,$X$1+19),raw[Source.Name],$A$136,raw[LOKASI],$A80),0) -> 931 | V80: =IFERROR(SUMIFS(INDEX(raw[[00.30]:[24.00]],0,$X$1+20),raw[Source.Name],$A$136,raw[LOKASI],$A80),0) -> 931 | AB80: sinkron | AC80: combine | AD80: 2 | AE80: st | AF80: total | AH80: DMN | AI80: TML
A81: PLTU JAWA #09 | B81: =IF(VLOOKUP(A81,$A$7:$B$52,2,FALSE),1,0) -> 0 | C81: =IFERROR(SUMIFS(INDEX(raw[[00.30]:[24.00]],0,$X$1+1),raw[Source.Name],$A$136,raw[LOKASI],$A81),0) -> 980 | D81: =IFERROR(SUMIFS(INDEX(raw[[00.30]:[24.00]],0,$X$1+2),raw[Source.Name],$A$136,raw[LOKASI],$A81),0) -> 980 | E81: =IFERROR(SUMIFS(INDEX(raw[[00.30]:[24.00]],0,$X$1+3),raw[Source.Name],$A$136,raw[LOKASI],$A81),0) -> 980 | F81: =IFERROR(SUMIFS(INDEX(raw[[00.30]:[24.00]],0,$X$1+4),raw[Source.Name],$A$136,raw[LOKASI],$A81),0) -> 980 | G81: =IFERROR(SUMIFS(INDEX(raw[[00.30]:[24.00]],0,$X$1+5),raw[Source.Name],$A$136,raw[LOKASI],$A81),0) -> 980 | H81: =IFERROR(SUMIFS(INDEX(raw[[00.30]:[24.00]],0,$X$1+6),raw[Source.Name],$A$136,raw[LOKASI],$A81),0) -> 980 | I81: =IFERROR(SUMIFS(INDEX(raw[[00.30]:[24.00]],0,$X$1+7),raw[Source.Name],$A$136,raw[LOKASI],$A81),0) -> 980 | J81: =IFERROR(SUMIFS(INDEX(raw[[00.30]:[24.00]],0,$X$1+8),raw[Source.Name],$A$136,raw[LOKASI],$A81),0) -> 980 | K81: =IFERROR(SUMIFS(INDEX(raw[[00.30]:[24.00]],0,$X$1+9),raw[Source.Name],$A$136,raw[LOKASI],$A81),0) -> 980 | L81: =IFERROR(SUMIFS(INDEX(raw[[00.30]:[24.00]],0,$X$1+10),raw[Source.Name],$A$136,raw[LOKASI],$A81),0) -> 980 | M81: =IFERROR(SUMIFS(INDEX(raw[[00.30]:[24.00]],0,$X$1+11),raw[Source.Name],$A$136,raw[LOKASI],$A81),0) -> 980 | N81: =IFERROR(SUMIFS(INDEX(raw[[00.30]:[24.00]],0,$X$1+12),raw[Source.Name],$A$136,raw[LOKASI],$A81),0) -> 980 | O81: =IFERROR(SUMIFS(INDEX(raw[[00.30]:[24.00]],0,$X$1+13),raw[Source.Name],$A$136,raw[LOKASI],$A81),0) -> 980 | P81: =IFERROR(SUMIFS(INDEX(raw[[00.30]:[24.00]],0,$X$1+14),raw[Source.Name],$A$136,raw[LOKASI],$A81),0) -> 980 | Q81: =IFERROR(SUMIFS(INDEX(raw[[00.30]:[24.00]],0,$X$1+15),raw[Source.Name],$A$136,raw[LOKASI],$A81),0) -> 980 | R81: =IFERROR(SUMIFS(INDEX(raw[[00.30]:[24.00]],0,$X$1+16),raw[Source.Name],$A$136,raw[LOKASI],$A81),0) -> 980 | S81: =IFERROR(SUMIFS(INDEX(raw[[00.30]:[24.00]],0,$X$1+17),raw[Source.Name],$A$136,raw[LOKASI],$A81),0) -> 980 | T81: =IFERROR(SUMIFS(INDEX(raw[[00.30]:[24.00]],0,$X$1+18),raw[Source.Name],$A$136,raw[LOKASI],$A81),0) -> 980 | U81: =IFERROR(SUMIFS(INDEX(raw[[00.30]:[24.00]],0,$X$1+19),raw[Source.Name],$A$136,raw[LOKASI],$A81),0) -> 980 | V81: =IFERROR(SUMIFS(INDEX(raw[[00.30]:[24.00]],0,$X$1+20),raw[Source.Name],$A$136,raw[LOKASI],$A81),0) -> 980 | Y81: grati123 | Z81: 750 MW | AA81: grati | AB81: 30 menit | AC81: 50 menit | AD81: =70*AD80+35*AD80 -> 210 | AE81: 470 | AH81: 98 | AI81: 30
A82: PLTU JAWA #10 | B82: =IF(VLOOKUP(A82,$A$7:$B$52,2,FALSE),1,0) -> 0 | C82: =IFERROR(SUMIFS(INDEX(raw[[00.30]:[24.00]],0,$X$1+1),raw[Source.Name],$A$136,raw[LOKASI],$A82),0) -> 980 | D82: =IFERROR(SUMIFS(INDEX(raw[[00.30]:[24.00]],0,$X$1+2),raw[Source.Name],$A$136,raw[LOKASI],$A82),0) -> 980 | E82: =IFERROR(SUMIFS(INDEX(raw[[00.30]:[24.00]],0,$X$1+3),raw[Source.Name],$A$136,raw[LOKASI],$A82),0) -> 980 | F82: =IFERROR(SUMIFS(INDEX(raw[[00.30]:[24.00]],0,$X$1+4),raw[Source.Name],$A$136,raw[LOKASI],$A82),0) -> 980 | G82: =IFERROR(SUMIFS(INDEX(raw[[00.30]:[24.00]],0,$X$1+5),raw[Source.Name],$A$136,raw[LOKASI],$A82),0) -> 980 | H82: =IFERROR(SUMIFS(INDEX(raw[[00.30]:[24.00]],0,$X$1+6),raw[Source.Name],$A$136,raw[LOKASI],$A82),0) -> 980 | I82: =IFERROR(SUMIFS(INDEX(raw[[00.30]:[24.00]],0,$X$1+7),raw[Source.Name],$A$136,raw[LOKASI],$A82),0) -> 980 | J82: =IFERROR(SUMIFS(INDEX(raw[[00.30]:[24.00]],0,$X$1+8),raw[Source.Name],$A$136,raw[LOKASI],$A82),0) -> 980 | K82: =IFERROR(SUMIFS(INDEX(raw[[00.30]:[24.00]],0,$X$1+9),raw[Source.Name],$A$136,raw[LOKASI],$A82),0) -> 980 | L82: =IFERROR(SUMIFS(INDEX(raw[[00.30]:[24.00]],0,$X$1+10),raw[Source.Name],$A$136,raw[LOKASI],$A82),0) -> 980 | M82: =IFERROR(SUMIFS(INDEX(raw[[00.30]:[24.00]],0,$X$1+11),raw[Source.Name],$A$136,raw[LOKASI],$A82),0) -> 980 | N82: =IFERROR(SUMIFS(INDEX(raw[[00.30]:[24.00]],0,$X$1+12),raw[Source.Name],$A$136,raw[LOKASI],$A82),0) -> 980 | O82: =IFERROR(SUMIFS(INDEX(raw[[00.30]:[24.00]],0,$X$1+13),raw[Source.Name],$A$136,raw[LOKASI],$A82),0) -> 980 | P82: =IFERROR(SUMIFS(INDEX(raw[[00.30]:[24.00]],0,$X$1+14),raw[Source.Name],$A$136,raw[LOKASI],$A82),0) -> 980 | Q82: =IFERROR(SUMIFS(INDEX(raw[[00.30]:[24.00]],0,$X$1+15),raw[Source.Name],$A$136,raw[LOKASI],$A82),0) -> 980 | R82: =IFERROR(SUMIFS(INDEX(raw[[00.30]:[24.00]],0,$X$1+16),raw[Source.Name],$A$136,raw[LOKASI],$A82),0) -> 980 | S82: =IFERROR(SUMIFS(INDEX(raw[[00.30]:[24.00]],0,$X$1+17),raw[Source.Name],$A$136,raw[LOKASI],$A82),0) -> 980 | T82: =IFERROR(SUMIFS(INDEX(raw[[00.30]:[24.00]],0,$X$1+18),raw[Source.Name],$A$136,raw[LOKASI],$A82),0) -> 980 | U82: =IFERROR(SUMIFS(INDEX(raw[[00.30]:[24.00]],0,$X$1+19),raw[Source.Name],$A$136,raw[LOKASI],$A82),0) -> 980 | V82: =IFERROR(SUMIFS(INDEX(raw[[00.30]:[24.00]],0,$X$1+20),raw[Source.Name],$A$136,raw[LOKASI],$A82),0) -> 980 | Y82: ungran12 | Z82: 200/<900 A | AA82: tbrok | AB82: 45 menit | AC82: 45 menit | AD82: 30 | AE82: 80 | AH82: 93 | AI82: 35 | AJ82: tahap 1 di 1900
A83: PLTU JAWA 7 #1 | B83: =IF(VLOOKUP(A83,$A$7:$B$52,2,FALSE),1,0) -> 0 | C83: =IFERROR(SUMIFS(INDEX(raw[[00.30]:[24.00]],0,$X$1+1),raw[Source.Name],$A$136,raw[LOKASI],$A83),0) -> 921.2 | D83: =IFERROR(SUMIFS(INDEX(raw[[00.30]:[24.00]],0,$X$1+2),raw[Source.Name],$A$136,raw[LOKASI],$A83),0) -> 921.2 | E83: =IFERROR(SUMIFS(INDEX(raw[[00.30]:[24.00]],0,$X$1+3),raw[Source.Name],$A$136,raw[LOKASI],$A83),0) -> 921.2 | F83: =IFERROR(SUMIFS(INDEX(raw[[00.30]:[24.00]],0,$X$1+4),raw[Source.Name],$A$136,raw[LOKASI],$A83),0) -> 921.2 | G83: =IFERROR(SUMIFS(INDEX(raw[[00.30]:[24.00]],0,$X$1+5),raw[Source.Name],$A$136,raw[LOKASI],$A83),0) -> 921.2 | H83: =IFERROR(SUMIFS(INDEX(raw[[00.30]:[24.00]],0,$X$1+6),raw[Source.Name],$A$136,raw[LOKASI],$A83),0) -> 921.2 | I83: =IFERROR(SUMIFS(INDEX(raw[[00.30]:[24.00]],0,$X$1+7),raw[Source.Name],$A$136,raw[LOKASI],$A83),0) -> 921.2 | J83: =IFERROR(SUMIFS(INDEX(raw[[00.30]:[24.00]],0,$X$1+8),raw[Source.Name],$A$136,raw[LOKASI],$A83),0) -> 921.2 | K83: =IFERROR(SUMIFS(INDEX(raw[[00.30]:[24.00]],0,$X$1+9),raw[Source.Name],$A$136,raw[LOKASI],$A83),0) -> 921.2 | L83: =IFERROR(SUMIFS(INDEX(raw[[00.30]:[24.00]],0,$X$1+10),raw[Source.Name],$A$136,raw[LOKASI],$A83),0) -> 921.2 | M83: =IFERROR(SUMIFS(INDEX(raw[[00.30]:[24.00]],0,$X$1+11),raw[Source.Name],$A$136,raw[LOKASI],$A83),0) -> 921.2 | N83: =IFERROR(SUMIFS(INDEX(raw[[00.30]:[24.00]],0,$X$1+12),raw[Source.Name],$A$136,raw[LOKASI],$A83),0) -> 921.2 | O83: =IFERROR(SUMIFS(INDEX(raw[[00.30]:[24.00]],0,$X$1+13),raw[Source.Name],$A$136,raw[LOKASI],$A83),0) -> 921.2 | P83: =IFERROR(SUMIFS(INDEX(raw[[00.30]:[24.00]],0,$X$1+14),raw[Source.Name],$A$136,raw[LOKASI],$A83),0) -> 921.2 | Q83: =IFERROR(SUMIFS(INDEX(raw[[00.30]:[24.00]],0,$X$1+15),raw[Source.Name],$A$136,raw[LOKASI],$A83),0) -> 921.2 | R83: =IFERROR(SUMIFS(INDEX(raw[[00.30]:[24.00]],0,$X$1+16),raw[Source.Name],$A$136,raw[LOKASI],$A83),0) -> 921.2 | S83: =IFERROR(SUMIFS(INDEX(raw[[00.30]:[24.00]],0,$X$1+17),raw[Source.Name],$A$136,raw[LOKASI],$A83),0) -> 921.2 | T83: =IFERROR(SUMIFS(INDEX(raw[[00.30]:[24.00]],0,$X$1+18),raw[Source.Name],$A$136,raw[LOKASI],$A83),0) -> 921.2 | U83: =IFERROR(SUMIFS(INDEX(raw[[00.30]:[24.00]],0,$X$1+19),raw[Source.Name],$A$136,raw[LOKASI],$A83),0) -> 921.2 | V83: =IFERROR(SUMIFS(INDEX(raw[[00.30]:[24.00]],0,$X$1+20),raw[Source.Name],$A$136,raw[LOKASI],$A83),0) -> 921.2 | Y83: tjati12 | Z83: 1200 A | AA83: tbrok2 | AB83: 45 menit | AC83: 45 menit | AH83: 93 | AI83: 35
A84: PLTU JAWA 7 #2 | B84: =IF(VLOOKUP(A84,$A$7:$B$52,2,FALSE),1,0) -> 0 | C84: =IFERROR(SUMIFS(INDEX(raw[[00.30]:[24.00]],0,$X$1+1),raw[Source.Name],$A$136,raw[LOKASI],$A84),0) -> 0 | D84: =IFERROR(SUMIFS(INDEX(raw[[00.30]:[24.00]],0,$X$1+2),raw[Source.Name],$A$136,raw[LOKASI],$A84),0) -> 0 | E84: =IFERROR(SUMIFS(INDEX(raw[[00.30]:[24.00]],0,$X$1+3),raw[Source.Name],$A$136,raw[LOKASI],$A84),0) -> 0 | F84: =IFERROR(SUMIFS(INDEX(raw[[00.30]:[24.00]],0,$X$1+4),raw[Source.Name],$A$136,raw[LOKASI],$A84),0) -> 0 | G84: =IFERROR(SUMIFS(INDEX(raw[[00.30]:[24.00]],0,$X$1+5),raw[Source.Name],$A$136,raw[LOKASI],$A84),0) -> 0 | H84: =IFERROR(SUMIFS(INDEX(raw[[00.30]:[24.00]],0,$X$1+6),raw[Source.Name],$A$136,raw[LOKASI],$A84),0) -> 0 | I84: =IFERROR(SUMIFS(INDEX(raw[[00.30]:[24.00]],0,$X$1+7),raw[Source.Name],$A$136,raw[LOKASI],$A84),0) -> 0 | J84: =IFERROR(SUMIFS(INDEX(raw[[00.30]:[24.00]],0,$X$1+8),raw[Source.Name],$A$136,raw[LOKASI],$A84),0) -> 0 | K84: =IFERROR(SUMIFS(INDEX(raw[[00.30]:[24.00]],0,$X$1+9),raw[Source.Name],$A$136,raw[LOKASI],$A84),0) -> 0 | L84: =IFERROR(SUMIFS(INDEX(raw[[00.30]:[24.00]],0,$X$1+10),raw[Source.Name],$A$136,raw[LOKASI],$A84),0) -> 0 | M84: =IFERROR(SUMIFS(INDEX(raw[[00.30]:[24.00]],0,$X$1+11),raw[Source.Name],$A$136,raw[LOKASI],$A84),0) -> 0 | N84: =IFERROR(SUMIFS(INDEX(raw[[00.30]:[24.00]],0,$X$1+12),raw[Source.Name],$A$136,raw[LOKASI],$A84),0) -> 0 | O84: =IFERROR(SUMIFS(INDEX(raw[[00.30]:[24.00]],0,$X$1+13),raw[Source.Name],$A$136,raw[LOKASI],$A84),0) -> 0 | P84: =IFERROR(SUMIFS(INDEX(raw[[00.30]:[24.00]],0,$X$1+14),raw[Source.Name],$A$136,raw[LOKASI],$A84),0) -> 0 | Q84: =IFERROR(SUMIFS(INDEX(raw[[00.30]:[24.00]],0,$X$1+15),raw[Source.Name],$A$136,raw[LOKASI],$A84),0) -> 0 | R84: =IFERROR(SUMIFS(INDEX(raw[[00.30]:[24.00]],0,$X$1+16),raw[Source.Name],$A$136,raw[LOKASI],$A84),0) -> 0 | S84: =IFERROR(SUMIFS(INDEX(raw[[00.30]:[24.00]],0,$X$1+17),raw[Source.Name],$A$136,raw[LOKASI],$A84),0) -> 0 | T84: =IFERROR(SUMIFS(INDEX(raw[[00.30]:[24.00]],0,$X$1+18),raw[Source.Name],$A$136,raw[LOKASI],$A84),0) -> 0 | U84: =IFERROR(SUMIFS(INDEX(raw[[00.30]:[24.00]],0,$X$1+19),raw[Source.Name],$A$136,raw[LOKASI],$A84),0) -> 0 | V84: =IFERROR(SUMIFS(INDEX(raw[[00.30]:[24.00]],0,$X$1+20),raw[Source.Name],$A$136,raw[LOKASI],$A84),0) -> 0 | AA84: mtwar12 | AB84: 45 menit | AC84: 45 menit | AH84: 137 | AI84: 90
A85: PLTU JP #5 | B85: =IF(VLOOKUP("PLTU Jawa Power #5",$A$7:$B$52,2,FALSE),1,0) -> 1 | C85: =IFERROR(SUMIFS(INDEX(raw[[00.30]:[24.00]],0,$X$1+1),raw[Source.Name],$A$136,raw[LOKASI],"PLTU Jawa Power #5"),0) -> 610 | D85: =IFERROR(SUMIFS(INDEX(raw[[00.30]:[24.00]],0,$X$1+2),raw[Source.Name],$A$136,raw[LOKASI],"PLTU Jawa Power #5"),0) -> 610 | E85: =IFERROR(SUMIFS(INDEX(raw[[00.30]:[24.00]],0,$X$1+3),raw[Source.Name],$A$136,raw[LOKASI],"PLTU Jawa Power #5"),0) -> 610 | F85: =IFERROR(SUMIFS(INDEX(raw[[00.30]:[24.00]],0,$X$1+4),raw[Source.Name],$A$136,raw[LOKASI],"PLTU Jawa Power #5"),0) -> 610 | G85: =IFERROR(SUMIFS(INDEX(raw[[00.30]:[24.00]],0,$X$1+5),raw[Source.Name],$A$136,raw[LOKASI],"PLTU Jawa Power #5"),0) -> 610 | H85: =IFERROR(SUMIFS(INDEX(raw[[00.30]:[24.00]],0,$X$1+6),raw[Source.Name],$A$136,raw[LOKASI],"PLTU Jawa Power #5"),0) -> 610 | I85: =IFERROR(SUMIFS(INDEX(raw[[00.30]:[24.00]],0,$X$1+7),raw[Source.Name],$A$136,raw[LOKASI],"PLTU Jawa Power #5"),0) -> 610 | J85: =IFERROR(SUMIFS(INDEX(raw[[00.30]:[24.00]],0,$X$1+8),raw[Source.Name],$A$136,raw[LOKASI],"PLTU Jawa Power #5"),0) -> 610 | K85: =IFERROR(SUMIFS(INDEX(raw[[00.30]:[24.00]],0,$X$1+9),raw[Source.Name],$A$136,raw[LOKASI],"PLTU Jawa Power #5"),0) -> 610 | L85: =IFERROR(SUMIFS(INDEX(raw[[00.30]:[24.00]],0,$X$1+10),raw[Source.Name],$A$136,raw[LOKASI],"PLTU Jawa Power #5"),0) -> 610 | M85: =IFERROR(SUMIFS(INDEX(raw[[00.30]:[24.00]],0,$X$1+11),raw[Source.Name],$A$136,raw[LOKASI],"PLTU Jawa Power #5"),0) -> 610 | N85: =IFERROR(SUMIFS(INDEX(raw[[00.30]:[24.00]],0,$X$1+12),raw[Source.Name],$A$136,raw[LOKASI],"PLTU Jawa Power #5"),0) -> 610 | O85: =IFERROR(SUMIFS(INDEX(raw[[00.30]:[24.00]],0,$X$1+13),raw[Source.Name],$A$136,raw[LOKASI],"PLTU Jawa Power #5"),0) -> 610 | P85: =IFERROR(SUMIFS(INDEX(raw[[00.30]:[24.00]],0,$X$1+14),raw[Source.Name],$A$136,raw[LOKASI],"PLTU Jawa Power #5"),0) -> 610 | Q85: =IFERROR(SUMIFS(INDEX(raw[[00.30]:[24.00]],0,$X$1+15),raw[Source.Name],$A$136,raw[LOKASI],"PLTU Jawa Power #5"),0) -> 610 | R85: =IFERROR(SUMIFS(INDEX(raw[[00.30]:[24.00]],0,$X$1+16),raw[Source.Name],$A$136,raw[LOKASI],"PLTU Jawa Power #5"),0) -> 610 | S85: =IFERROR(SUMIFS(INDEX(raw[[00.30]:[24.00]],0,$X$1+17),raw[Source.Name],$A$136,raw[LOKASI],"PLTU Jawa Power #5"),0) -> 610 | T85: =IFERROR(SUMIFS(INDEX(raw[[00.30]:[24.00]],0,$X$1+18),raw[Source.Name],$A$136,raw[LOKASI],"PLTU Jawa Power #5"),0) -> 610 | U85: =IFERROR(SUMIFS(INDEX(raw[[00.30]:[24.00]],0,$X$1+19),raw[Source.Name],$A$136,raw[LOKASI],"PLTU Jawa Power #5"),0) -> 610 | V85: =IFERROR(SUMIFS(INDEX(raw[[00.30]:[24.00]],0,$X$1+20),raw[Source.Name],$A$136,raw[LOKASI],"PLTU Jawa Power #5"),0) -> 610 | AA85: mtwar34 | AB85: 45 menit | AC85: 1 jam | AE85: 125 | AH85: 140 | AI85: 80 | AJ85: kalau combine min 100 MW max 125 terkait proteksi temperature exhause HRSG
A86: PLTU JP #6 | B86: =IF(VLOOKUP("PLTU Jawa Power #6",$A$7:$B$52,2,FALSE),1,0) -> 1 | C86: =IFERROR(SUMIFS(INDEX(raw[[00.30]:[24.00]],0,$X$1+1),raw[Source.Name],$A$136,raw[LOKASI],"PLTU Jawa Power #6"),0) -> 0 | D86: =IFERROR(SUMIFS(INDEX(raw[[00.30]:[24.00]],0,$X$1+2),raw[Source.Name],$A$136,raw[LOKASI],"PLTU Jawa Power #6"),0) -> 0 | E86: =IFERROR(SUMIFS(INDEX(raw[[00.30]:[24.00]],0,$X$1+3),raw[Source.Name],$A$136,raw[LOKASI],"PLTU Jawa Power #6"),0) -> 0 | F86: =IFERROR(SUMIFS(INDEX(raw[[00.30]:[24.00]],0,$X$1+4),raw[Source.Name],$A$136,raw[LOKASI],"PLTU Jawa Power #6"),0) -> 0 | G86: =IFERROR(SUMIFS(INDEX(raw[[00.30]:[24.00]],0,$X$1+5),raw[Source.Name],$A$136,raw[LOKASI],"PLTU Jawa Power #6"),0) -> 0 | H86: =IFERROR(SUMIFS(INDEX(raw[[00.30]:[24.00]],0,$X$1+6),raw[Source.Name],$A$136,raw[LOKASI],"PLTU Jawa Power #6"),0) -> 0 | I86: =IFERROR(SUMIFS(INDEX(raw[[00.30]:[24.00]],0,$X$1+7),raw[Source.Name],$A$136,raw[LOKASI],"PLTU Jawa Power #6"),0) -> 0 | J86: =IFERROR(SUMIFS(INDEX(raw[[00.30]:[24.00]],0,$X$1+8),raw[Source.Name],$A$136,raw[LOKASI],"PLTU Jawa Power #6"),0) -> 0 | K86: =IFERROR(SUMIFS(INDEX(raw[[00.30]:[24.00]],0,$X$1+9),raw[Source.Name],$A$136,raw[LOKASI],"PLTU Jawa Power #6"),0) -> 0 | L86: =IFERROR(SUMIFS(INDEX(raw[[00.30]:[24.00]],0,$X$1+10),raw[Source.Name],$A$136,raw[LOKASI],"PLTU Jawa Power #6"),0) -> 0 | M86: =IFERROR(SUMIFS(INDEX(raw[[00.30]:[24.00]],0,$X$1+11),raw[Source.Name],$A$136,raw[LOKASI],"PLTU Jawa Power #6"),0) -> 0 | N86: =IFERROR(SUMIFS(INDEX(raw[[00.30]:[24.00]],0,$X$1+12),raw[Source.Name],$A$136,raw[LOKASI],"PLTU Jawa Power #6"),0) -> 0 | O86: =IFERROR(SUMIFS(INDEX(raw[[00.30]:[24.00]],0,$X$1+13),raw[Source.Name],$A$136,raw[LOKASI],"PLTU Jawa Power #6"),0) -> 0 | P86: =IFERROR(SUMIFS(INDEX(raw[[00.30]:[24.00]],0,$X$1+14),raw[Source.Name],$A$136,raw[LOKASI],"PLTU Jawa Power #6"),0) -> 0 | Q86: =IFERROR(SUMIFS(INDEX(raw[[00.30]:[24.00]],0,$X$1+15),raw[Source.Name],$A$136,raw[LOKASI],"PLTU Jawa Power #6"),0) -> 0 | R86: =IFERROR(SUMIFS(INDEX(raw[[00.30]:[24.00]],0,$X$1+16),raw[Source.Name],$A$136,raw[LOKASI],"PLTU Jawa Power #6"),0) -> 0 | S86: =IFERROR(SUMIFS(INDEX(raw[[00.30]:[24.00]],0,$X$1+17),raw[Source.Name],$A$136,raw[LOKASI],"PLTU Jawa Power #6"),0) -> 0 | T86: =IFERROR(SUMIFS(INDEX(raw[[00.30]:[24.00]],0,$X$1+18),raw[Source.Name],$A$136,raw[LOKASI],"PLTU Jawa Power #6"),0) -> 0 | U86: =IFERROR(SUMIFS(INDEX(raw[[00.30]:[24.00]],0,$X$1+19),raw[Source.Name],$A$136,raw[LOKASI],"PLTU Jawa Power #6"),0) -> 0 | V86: =IFERROR(SUMIFS(INDEX(raw[[00.30]:[24.00]],0,$X$1+20),raw[Source.Name],$A$136,raw[LOKASI],"PLTU Jawa Power #6"),0) -> 0 | Y86: mkrang12durkos1 | AA86: mkrang1 | AB86: 30 menit | AH86: 90 | AI86: 80 | AJ86: khusus GT1.3 dmn 100
A87: PLTU PEC #3 | B87: =IF(VLOOKUP(A87,$A$7:$B$52,2,FALSE),1,0) -> 1 | C87: =IFERROR(SUMIFS(INDEX(raw[[00.30]:[24.00]],0,$X$1+1),raw[Source.Name],$A$136,raw[LOKASI],$A87),0) -> 122.25 | D87: =IFERROR(SUMIFS(INDEX(raw[[00.30]:[24.00]],0,$X$1+2),raw[Source.Name],$A$136,raw[LOKASI],$A87),0) -> 203.75 | E87: =IFERROR(SUMIFS(INDEX(raw[[00.30]:[24.00]],0,$X$1+3),raw[Source.Name],$A$136,raw[LOKASI],$A87),0) -> 285.25 | F87: =IFERROR(SUMIFS(INDEX(raw[[00.30]:[24.00]],0,$X$1+4),raw[Source.Name],$A$136,raw[LOKASI],$A87),0) -> 366.75 | G87: =IFERROR(SUMIFS(INDEX(raw[[00.30]:[24.00]],0,$X$1+5),raw[Source.Name],$A$136,raw[LOKASI],$A87),0) -> 448.25 | H87: =IFERROR(SUMIFS(INDEX(raw[[00.30]:[24.00]],0,$X$1+6),raw[Source.Name],$A$136,raw[LOKASI],$A87),0) -> 529.75 | I87: =IFERROR(SUMIFS(INDEX(raw[[00.30]:[24.00]],0,$X$1+7),raw[Source.Name],$A$136,raw[LOKASI],$A87),0) -> 611.25 | J87: =IFERROR(SUMIFS(INDEX(raw[[00.30]:[24.00]],0,$X$1+8),raw[Source.Name],$A$136,raw[LOKASI],$A87),0) -> 692.75 | K87: =IFERROR(SUMIFS(INDEX(raw[[00.30]:[24.00]],0,$X$1+9),raw[Source.Name],$A$136,raw[LOKASI],$A87),0) -> 771.74 | L87: =IFERROR(SUMIFS(INDEX(raw[[00.30]:[24.00]],0,$X$1+10),raw[Source.Name],$A$136,raw[LOKASI],$A87),0) -> 794.78 | M87: =IFERROR(SUMIFS(INDEX(raw[[00.30]:[24.00]],0,$X$1+11),raw[Source.Name],$A$136,raw[LOKASI],$A87),0) -> 794.78 | N87: =IFERROR(SUMIFS(INDEX(raw[[00.30]:[24.00]],0,$X$1+12),raw[Source.Name],$A$136,raw[LOKASI],$A87),0) -> 794.78 | O87: =IFERROR(SUMIFS(INDEX(raw[[00.30]:[24.00]],0,$X$1+13),raw[Source.Name],$A$136,raw[LOKASI],$A87),0) -> 794.78 | P87: =IFERROR(SUMIFS(INDEX(raw[[00.30]:[24.00]],0,$X$1+14),raw[Source.Name],$A$136,raw[LOKASI],$A87),0) -> 794.78 | Q87: =IFERROR(SUMIFS(INDEX(raw[[00.30]:[24.00]],0,$X$1+15),raw[Source.Name],$A$136,raw[LOKASI],$A87),0) -> 794.78 | R87: =IFERROR(SUMIFS(INDEX(raw[[00.30]:[24.00]],0,$X$1+16),raw[Source.Name],$A$136,raw[LOKASI],$A87),0) -> 794.78 | S87: =IFERROR(SUMIFS(INDEX(raw[[00.30]:[24.00]],0,$X$1+17),raw[Source.Name],$A$136,raw[LOKASI],$A87),0) -> 794.78 | T87: =IFERROR(SUMIFS(INDEX(raw[[00.30]:[24.00]],0,$X$1+18),raw[Source.Name],$A$136,raw[LOKASI],$A87),0) -> 794.78 | U87: =IFERROR(SUMIFS(INDEX(raw[[00.30]:[24.00]],0,$X$1+19),raw[Source.Name],$A$136,raw[LOKASI],$A87),0) -> 794.78 | V87: =IFERROR(SUMIFS(INDEX(raw[[00.30]:[24.00]],0,$X$1+20),raw[Source.Name],$A$136,raw[LOKASI],$A87),0) -> 794.78 | AA87: mkrang2 | AH87: 235 | AI87: 127 | AJ87: ST 70-40;220 20
A88: PLTU CLCAP #3 | B88: =IF(VLOOKUP(A88,$A$7:$B$52,2,FALSE),1,0) -> 1 | C88: =IFERROR(SUMIFS(INDEX(raw[[00.30]:[24.00]],0,$X$1+1),raw[Source.Name],$A$136,raw[LOKASI],$A88),0) -> 0 | D88: =IFERROR(SUMIFS(INDEX(raw[[00.30]:[24.00]],0,$X$1+2),raw[Source.Name],$A$136,raw[LOKASI],$A88),0) -> 0 | E88: =IFERROR(SUMIFS(INDEX(raw[[00.30]:[24.00]],0,$X$1+3),raw[Source.Name],$A$136,raw[LOKASI],$A88),0) -> 0 | F88: =IFERROR(SUMIFS(INDEX(raw[[00.30]:[24.00]],0,$X$1+4),raw[Source.Name],$A$136,raw[LOKASI],$A88),0) -> 0 | G88: =IFERROR(SUMIFS(INDEX(raw[[00.30]:[24.00]],0,$X$1+5),raw[Source.Name],$A$136,raw[LOKASI],$A88),0) -> 0 | H88: =IFERROR(SUMIFS(INDEX(raw[[00.30]:[24.00]],0,$X$1+6),raw[Source.Name],$A$136,raw[LOKASI],$A88),0) -> 0 | I88: =IFERROR(SUMIFS(INDEX(raw[[00.30]:[24.00]],0,$X$1+7),raw[Source.Name],$A$136,raw[LOKASI],$A88),0) -> 0 | J88: =IFERROR(SUMIFS(INDEX(raw[[00.30]:[24.00]],0,$X$1+8),raw[Source.Name],$A$136,raw[LOKASI],$A88),0) -> 0 | K88: =IFERROR(SUMIFS(INDEX(raw[[00.30]:[24.00]],0,$X$1+9),raw[Source.Name],$A$136,raw[LOKASI],$A88),0) -> 0 | L88: =IFERROR(SUMIFS(INDEX(raw[[00.30]:[24.00]],0,$X$1+10),raw[Source.Name],$A$136,raw[LOKASI],$A88),0) -> 0 | M88: =IFERROR(SUMIFS(INDEX(raw[[00.30]:[24.00]],0,$X$1+11),raw[Source.Name],$A$136,raw[LOKASI],$A88),0) -> 0 | N88: =IFERROR(SUMIFS(INDEX(raw[[00.30]:[24.00]],0,$X$1+12),raw[Source.Name],$A$136,raw[LOKASI],$A88),0) -> 0 | O88: =IFERROR(SUMIFS(INDEX(raw[[00.30]:[24.00]],0,$X$1+13),raw[Source.Name],$A$136,raw[LOKASI],$A88),0) -> 0 | P88: =IFERROR(SUMIFS(INDEX(raw[[00.30]:[24.00]],0,$X$1+14),raw[Source.Name],$A$136,raw[LOKASI],$A88),0) -> 0 | Q88: =IFERROR(SUMIFS(INDEX(raw[[00.30]:[24.00]],0,$X$1+15),raw[Source.Name],$A$136,raw[LOKASI],$A88),0) -> 0 | R88: =IFERROR(SUMIFS(INDEX(raw[[00.30]:[24.00]],0,$X$1+16),raw[Source.Name],$A$136,raw[LOKASI],$A88),0) -> 0 | S88: =IFERROR(SUMIFS(INDEX(raw[[00.30]:[24.00]],0,$X$1+17),raw[Source.Name],$A$136,raw[LOKASI],$A88),0) -> 0 | T88: =IFERROR(SUMIFS(INDEX(raw[[00.30]:[24.00]],0,$X$1+18),raw[Source.Name],$A$136,raw[LOKASI],$A88),0) -> 0 | U88: =IFERROR(SUMIFS(INDEX(raw[[00.30]:[24.00]],0,$X$1+19),raw[Source.Name],$A$136,raw[LOKASI],$A88),0) -> 0 | V88: =IFERROR(SUMIFS(INDEX(raw[[00.30]:[24.00]],0,$X$1+20),raw[Source.Name],$A$136,raw[LOKASI],$A88),0) -> 0 | AA88: mkrang3 | AH88: 330 | AI88: 150
A89: PLTU SLAYA #5 | B89: =IF(VLOOKUP(A89,$A$7:$B$52,2,FALSE),1,0) -> #N/A | C89: =IFERROR(SUMIFS(INDEX(raw[[00.30]:[24.00]],0,$X$1+1),raw[Source.Name],$A$136,raw[LOKASI],"PLTU SRLYA #5"),0) -> 300 | D89: =IFERROR(SUMIFS(INDEX(raw[[00.30]:[24.00]],0,$X$1+2),raw[Source.Name],$A$136,raw[LOKASI],"PLTU SRLYA #5"),0) -> 300 | E89: =IFERROR(SUMIFS(INDEX(raw[[00.30]:[24.00]],0,$X$1+3),raw[Source.Name],$A$136,raw[LOKASI],"PLTU SRLYA #5"),0) -> 300 | F89: =IFERROR(SUMIFS(INDEX(raw[[00.30]:[24.00]],0,$X$1+4),raw[Source.Name],$A$136,raw[LOKASI],"PLTU SRLYA #5"),0) -> 336.3 | G89: =IFERROR(SUMIFS(INDEX(raw[[00.30]:[24.00]],0,$X$1+5),raw[Source.Name],$A$136,raw[LOKASI],"PLTU SRLYA #5"),0) -> 336.3 | H89: =IFERROR(SUMIFS(INDEX(raw[[00.30]:[24.00]],0,$X$1+6),raw[Source.Name],$A$136,raw[LOKASI],"PLTU SRLYA #5"),0) -> 336.3 | I89: =IFERROR(SUMIFS(INDEX(raw[[00.30]:[24.00]],0,$X$1+7),raw[Source.Name],$A$136,raw[LOKASI],"PLTU SRLYA #5"),0) -> 336.3 | J89: =IFERROR(SUMIFS(INDEX(raw[[00.30]:[24.00]],0,$X$1+8),raw[Source.Name],$A$136,raw[LOKASI],"PLTU SRLYA #5"),0) -> 336.3 | K89: =IFERROR(SUMIFS(INDEX(raw[[00.30]:[24.00]],0,$X$1+9),raw[Source.Name],$A$136,raw[LOKASI],"PLTU SRLYA #5"),0) -> 336.3 | L89: =IFERROR(SUMIFS(INDEX(raw[[00.30]:[24.00]],0,$X$1+10),raw[Source.Name],$A$136,raw[LOKASI],"PLTU SRLYA #5"),0) -> 351 | M89: =IFERROR(SUMIFS(INDEX(raw[[00.30]:[24.00]],0,$X$1+11),raw[Source.Name],$A$136,raw[LOKASI],"PLTU SRLYA #5"),0) -> 441 | N89: =IFERROR(SUMIFS(INDEX(raw[[00.30]:[24.00]],0,$X$1+12),raw[Source.Name],$A$136,raw[LOKASI],"PLTU SRLYA #5"),0) -> 441 | O89: =IFERROR(SUMIFS(INDEX(raw[[00.30]:[24.00]],0,$X$1+13),raw[Source.Name],$A$136,raw[LOKASI],"PLTU SRLYA #5"),0) -> 441 | P89: =IFERROR(SUMIFS(INDEX(raw[[00.30]:[24.00]],0,$X$1+14),raw[Source.Name],$A$136,raw[LOKASI],"PLTU SRLYA #5"),0) -> 441 | Q89: =IFERROR(SUMIFS(INDEX(raw[[00.30]:[24.00]],0,$X$1+15),raw[Source.Name],$A$136,raw[LOKASI],"PLTU SRLYA #5"),0) -> 441 | R89: =IFERROR(SUMIFS(INDEX(raw[[00.30]:[24.00]],0,$X$1+16),raw[Source.Name],$A$136,raw[LOKASI],"PLTU SRLYA #5"),0) -> 441 | S89: =IFERROR(SUMIFS(INDEX(raw[[00.30]:[24.00]],0,$X$1+17),raw[Source.Name],$A$136,raw[LOKASI],"PLTU SRLYA #5"),0) -> 441 | T89: =IFERROR(SUMIFS(INDEX(raw[[00.30]:[24.00]],0,$X$1+18),raw[Source.Name],$A$136,raw[LOKASI],"PLTU SRLYA #5"),0) -> 441 | U89: =IFERROR(SUMIFS(INDEX(raw[[00.30]:[24.00]],0,$X$1+19),raw[Source.Name],$A$136,raw[LOKASI],"PLTU SRLYA #5"),0) -> 441 | V89: =IFERROR(SUMIFS(INDEX(raw[[00.30]:[24.00]],0,$X$1+20),raw[Source.Name],$A$136,raw[LOKASI],"PLTU SRLYA #5"),0) -> 441 | Y89: bkasi24cwang1 | AA89: priok12 | AH89: 125 | AI89: 80 | AJ89: min 320 max 520 jika AGC om
A90: PLTU SLAYA #6 | B90: =IF(VLOOKUP(A90,$A$7:$B$52,2,FALSE),1,0) -> #N/A | C90: =IFERROR(SUMIFS(INDEX(raw[[00.30]:[24.00]],0,$X$1+1),raw[Source.Name],$A$136,raw[LOKASI],"PLTU SRLYA #6"),0) -> 300 | D90: =IFERROR(SUMIFS(INDEX(raw[[00.30]:[24.00]],0,$X$1+2),raw[Source.Name],$A$136,raw[LOKASI],"PLTU SRLYA #6"),0) -> 300 | E90: =IFERROR(SUMIFS(INDEX(raw[[00.30]:[24.00]],0,$X$1+3),raw[Source.Name],$A$136,raw[LOKASI],"PLTU SRLYA #6"),0) -> 300 | F90: =IFERROR(SUMIFS(INDEX(raw[[00.30]:[24.00]],0,$X$1+4),raw[Source.Name],$A$136,raw[LOKASI],"PLTU SRLYA #6"),0) -> 441 | G90: =IFERROR(SUMIFS(INDEX(raw[[00.30]:[24.00]],0,$X$1+5),raw[Source.Name],$A$136,raw[LOKASI],"PLTU SRLYA #6"),0) -> 441 | H90: =IFERROR(SUMIFS(INDEX(raw[[00.30]:[24.00]],0,$X$1+6),raw[Source.Name],$A$136,raw[LOKASI],"PLTU SRLYA #6"),0) -> 441 | I90: =IFERROR(SUMIFS(INDEX(raw[[00.30]:[24.00]],0,$X$1+7),raw[Source.Name],$A$136,raw[LOKASI],"PLTU SRLYA #6"),0) -> 441 | J90: =IFERROR(SUMIFS(INDEX(raw[[00.30]:[24.00]],0,$X$1+8),raw[Source.Name],$A$136,raw[LOKASI],"PLTU SRLYA #6"),0) -> 441 | K90: =IFERROR(SUMIFS(INDEX(raw[[00.30]:[24.00]],0,$X$1+9),raw[Source.Name],$A$136,raw[LOKASI],"PLTU SRLYA #6"),0) -> 441 | L90: =IFERROR(SUMIFS(INDEX(raw[[00.30]:[24.00]],0,$X$1+10),raw[Source.Name],$A$136,raw[LOKASI],"PLTU SRLYA #6"),0) -> 300 | M90: =IFERROR(SUMIFS(INDEX(raw[[00.30]:[24.00]],0,$X$1+11),raw[Source.Name],$A$136,raw[LOKASI],"PLTU SRLYA #6"),0) -> 300 | N90: =IFERROR(SUMIFS(INDEX(raw[[00.30]:[24.00]],0,$X$1+12),raw[Source.Name],$A$136,raw[LOKASI],"PLTU SRLYA #6"),0) -> 441 | O90: =IFERROR(SUMIFS(INDEX(raw[[00.30]:[24.00]],0,$X$1+13),raw[Source.Name],$A$136,raw[LOKASI],"PLTU SRLYA #6"),0) -> 441 | P90: =IFERROR(SUMIFS(INDEX(raw[[00.30]:[24.00]],0,$X$1+14),raw[Source.Name],$A$136,raw[LOKASI],"PLTU SRLYA #6"),0) -> 441 | Q90: =IFERROR(SUMIFS(INDEX(raw[[00.30]:[24.00]],0,$X$1+15),raw[Source.Name],$A$136,raw[LOKASI],"PLTU SRLYA #6"),0) -> 441 | R90: =IFERROR(SUMIFS(INDEX(raw[[00.30]:[24.00]],0,$X$1+16),raw[Source.Name],$A$136,raw[LOKASI],"PLTU SRLYA #6"),0) -> 441 | S90: =IFERROR(SUMIFS(INDEX(raw[[00.30]:[24.00]],0,$X$1+17),raw[Source.Name],$A$136,raw[LOKASI],"PLTU SRLYA #6"),0) -> 441 | T90: =IFERROR(SUMIFS(INDEX(raw[[00.30]:[24.00]],0,$X$1+18),raw[Source.Name],$A$136,raw[LOKASI],"PLTU SRLYA #6"),0) -> 441 | U90: =IFERROR(SUMIFS(INDEX(raw[[00.30]:[24.00]],0,$X$1+19),raw[Source.Name],$A$136,raw[LOKASI],"PLTU SRLYA #6"),0) -> 441 | V90: =IFERROR(SUMIFS(INDEX(raw[[00.30]:[24.00]],0,$X$1+20),raw[Source.Name],$A$136,raw[LOKASI],"PLTU SRLYA #6"),0) -> 441 | AA90: priok3 | AD90: =AD80*AG90 -> 360 | AE90: =AG90/2 -> 90 | AF90: =SUM(AD90:AE90) -> 450 | AG90: 180 | AH90: 235 | AI90: 110
A91: PLTU SLAYA #7 | B91: =IF(VLOOKUP(A91,$A$7:$B$52,2,FALSE),1,0) -> #N/A | C91: =IFERROR(SUMIFS(INDEX(raw[[00.30]:[24.00]],0,$X$1+1),raw[Source.Name],$A$136,raw[LOKASI],"PLTU SRLYA #7"),0) -> 300 | D91: =IFERROR(SUMIFS(INDEX(raw[[00.30]:[24.00]],0,$X$1+2),raw[Source.Name],$A$136,raw[LOKASI],"PLTU SRLYA #7"),0) -> 300 | E91: =IFERROR(SUMIFS(INDEX(raw[[00.30]:[24.00]],0,$X$1+3),raw[Source.Name],$A$136,raw[LOKASI],"PLTU SRLYA #7"),0) -> 300 | F91: =IFERROR(SUMIFS(INDEX(raw[[00.30]:[24.00]],0,$X$1+4),raw[Source.Name],$A$136,raw[LOKASI],"PLTU SRLYA #7"),0) -> 441 | G91: =IFERROR(SUMIFS(INDEX(raw[[00.30]:[24.00]],0,$X$1+5),raw[Source.Name],$A$136,raw[LOKASI],"PLTU SRLYA #7"),0) -> 441 | H91: =IFERROR(SUMIFS(INDEX(raw[[00.30]:[24.00]],0,$X$1+6),raw[Source.Name],$A$136,raw[LOKASI],"PLTU SRLYA #7"),0) -> 441 | I91: =IFERROR(SUMIFS(INDEX(raw[[00.30]:[24.00]],0,$X$1+7),raw[Source.Name],$A$136,raw[LOKASI],"PLTU SRLYA #7"),0) -> 441 | J91: =IFERROR(SUMIFS(INDEX(raw[[00.30]:[24.00]],0,$X$1+8),raw[Source.Name],$A$136,raw[LOKASI],"PLTU SRLYA #7"),0) -> 441 | K91: =IFERROR(SUMIFS(INDEX(raw[[00.30]:[24.00]],0,$X$1+9),raw[Source.Name],$A$136,raw[LOKASI],"PLTU SRLYA #7"),0) -> 441 | L91: =IFERROR(SUMIFS(INDEX(raw[[00.30]:[24.00]],0,$X$1+10),raw[Source.Name],$A$136,raw[LOKASI],"PLTU SRLYA #7"),0) -> 441 | M91: =IFERROR(SUMIFS(INDEX(raw[[00.30]:[24.00]],0,$X$1+11),raw[Source.Name],$A$136,raw[LOKASI],"PLTU SRLYA #7"),0) -> 351 | N91: =IFERROR(SUMIFS(INDEX(raw[[00.30]:[24.00]],0,$X$1+12),raw[Source.Name],$A$136,raw[LOKASI],"PLTU SRLYA #7"),0) -> 441 | O91: =IFERROR(SUMIFS(INDEX(raw[[00.30]:[24.00]],0,$X$1+13),raw[Source.Name],$A$136,raw[LOKASI],"PLTU SRLYA #7"),0) -> 441 | P91: =IFERROR(SUMIFS(INDEX(raw[[00.30]:[24.00]],0,$X$1+14),raw[Source.Name],$A$136,raw[LOKASI],"PLTU SRLYA #7"),0) -> 441 | Q91: =IFERROR(SUMIFS(INDEX(raw[[00.30]:[24.00]],0,$X$1+15),raw[Source.Name],$A$136,raw[LOKASI],"PLTU SRLYA #7"),0) -> 441 | R91: =IFERROR(SUMIFS(INDEX(raw[[00.30]:[24.00]],0,$X$1+16),raw[Source.Name],$A$136,raw[LOKASI],"PLTU SRLYA #7"),0) -> 441 | S91: =IFERROR(SUMIFS(INDEX(raw[[00.30]:[24.00]],0,$X$1+17),raw[Source.Name],$A$136,raw[LOKASI],"PLTU SRLYA #7"),0) -> 441 | T91: =IFERROR(SUMIFS(INDEX(raw[[00.30]:[24.00]],0,$X$1+18),raw[Source.Name],$A$136,raw[LOKASI],"PLTU SRLYA #7"),0) -> 441 | U91: =IFERROR(SUMIFS(INDEX(raw[[00.30]:[24.00]],0,$X$1+19),raw[Source.Name],$A$136,raw[LOKASI],"PLTU SRLYA #7"),0) -> 441 | V91: =IFERROR(SUMIFS(INDEX(raw[[00.30]:[24.00]],0,$X$1+20),raw[Source.Name],$A$136,raw[LOKASI],"PLTU SRLYA #7"),0) -> 441 | AA91: priok4 | AD91: =AD80*AG91 -> 500 | AE91: =AD91/2 -> 250 | AF91: =SUM(AD91:AE91) -> 750 | AG91: 250 | AH91: 283 | AI91: 150 | AJ91: 520 | AK91: 850 | AM91: bbm | AN91: gas
A92: PLTU PCTAN #1 | B92: =IF(VLOOKUP("PLTU PACITAN #1",$A$7:$B$52,2,FALSE),1,0) -> 0 | C92: =IFERROR(SUMIFS(INDEX(raw[[00.30]:[24.00]],0,$X$1+1),raw[Source.Name],$A$136,raw[LOKASI],"PLTU PACITAN #1"),0) -> 200 | D92: =IFERROR(SUMIFS(INDEX(raw[[00.30]:[24.00]],0,$X$1+2),raw[Source.Name],$A$136,raw[LOKASI],"PLTU PACITAN #1"),0) -> 200 | E92: =IFERROR(SUMIFS(INDEX(raw[[00.30]:[24.00]],0,$X$1+3),raw[Source.Name],$A$136,raw[LOKASI],"PLTU PACITAN #1"),0) -> 200 | F92: =IFERROR(SUMIFS(INDEX(raw[[00.30]:[24.00]],0,$X$1+4),raw[Source.Name],$A$136,raw[LOKASI],"PLTU PACITAN #1"),0) -> 200 | G92: =IFERROR(SUMIFS(INDEX(raw[[00.30]:[24.00]],0,$X$1+5),raw[Source.Name],$A$136,raw[LOKASI],"PLTU PACITAN #1"),0) -> 200 | H92: =IFERROR(SUMIFS(INDEX(raw[[00.30]:[24.00]],0,$X$1+6),raw[Source.Name],$A$136,raw[LOKASI],"PLTU PACITAN #1"),0) -> 200 | I92: =IFERROR(SUMIFS(INDEX(raw[[00.30]:[24.00]],0,$X$1+7),raw[Source.Name],$A$136,raw[LOKASI],"PLTU PACITAN #1"),0) -> 200 | J92: =IFERROR(SUMIFS(INDEX(raw[[00.30]:[24.00]],0,$X$1+8),raw[Source.Name],$A$136,raw[LOKASI],"PLTU PACITAN #1"),0) -> 200 | K92: =IFERROR(SUMIFS(INDEX(raw[[00.30]:[24.00]],0,$X$1+9),raw[Source.Name],$A$136,raw[LOKASI],"PLTU PACITAN #1"),0) -> 200 | L92: =IFERROR(SUMIFS(INDEX(raw[[00.30]:[24.00]],0,$X$1+10),raw[Source.Name],$A$136,raw[LOKASI],"PLTU PACITAN #1"),0) -> 200 | M92: =IFERROR(SUMIFS(INDEX(raw[[00.30]:[24.00]],0,$X$1+11),raw[Source.Name],$A$136,raw[LOKASI],"PLTU PACITAN #1"),0) -> 200 | N92: =IFERROR(SUMIFS(INDEX(raw[[00.30]:[24.00]],0,$X$1+12),raw[Source.Name],$A$136,raw[LOKASI],"PLTU PACITAN #1"),0) -> 200 | O92: =IFERROR(SUMIFS(INDEX(raw[[00.30]:[24.00]],0,$X$1+13),raw[Source.Name],$A$136,raw[LOKASI],"PLTU PACITAN #1"),0) -> 200 | P92: =IFERROR(SUMIFS(INDEX(raw[[00.30]:[24.00]],0,$X$1+14),raw[Source.Name],$A$136,raw[LOKASI],"PLTU PACITAN #1"),0) -> 200 | Q92: =IFERROR(SUMIFS(INDEX(raw[[00.30]:[24.00]],0,$X$1+15),raw[Source.Name],$A$136,raw[LOKASI],"PLTU PACITAN #1"),0) -> 200 | R92: =IFERROR(SUMIFS(INDEX(raw[[00.30]:[24.00]],0,$X$1+16),raw[Source.Name],$A$136,raw[LOKASI],"PLTU PACITAN #1"),0) -> 200 | S92: =IFERROR(SUMIFS(INDEX(raw[[00.30]:[24.00]],0,$X$1+17),raw[Source.Name],$A$136,raw[LOKASI],"PLTU PACITAN #1"),0) -> 200 | T92: =IFERROR(SUMIFS(INDEX(raw[[00.30]:[24.00]],0,$X$1+18),raw[Source.Name],$A$136,raw[LOKASI],"PLTU PACITAN #1"),0) -> 200 | U92: =IFERROR(SUMIFS(INDEX(raw[[00.30]:[24.00]],0,$X$1+19),raw[Source.Name],$A$136,raw[LOKASI],"PLTU PACITAN #1"),0) -> 200 | V92: =IFERROR(SUMIFS(INDEX(raw[[00.30]:[24.00]],0,$X$1+20),raw[Source.Name],$A$136,raw[LOKASI],"PLTU PACITAN #1"),0) -> 200 | AA92: grsikAll | AD92: =AG92*AD80+20 -> 220 | AE92: =AD92/2 -> 110 | AF92: =SUM(AD92:AE92) -> 330 | AG92: 100 | AH92: 100 | AI92: 50 | AM92: 90 | AN92: 100 | AO92: 100
A93: PLTU PCTAN #2 | B93: =IF(VLOOKUP("PLTU PACITAN #2",$A$7:$B$52,2,FALSE),1,0) -> 0 | C93: =IFERROR(SUMIFS(INDEX(raw[[00.30]:[24.00]],0,$X$1+1),raw[Source.Name],$A$136,raw[LOKASI],"PLTU PACITAN #2"),0) -> 0 | D93: =IFERROR(SUMIFS(INDEX(raw[[00.30]:[24.00]],0,$X$1+2),raw[Source.Name],$A$136,raw[LOKASI],"PLTU PACITAN #2"),0) -> 0 | E93: =IFERROR(SUMIFS(INDEX(raw[[00.30]:[24.00]],0,$X$1+3),raw[Source.Name],$A$136,raw[LOKASI],"PLTU PACITAN #2"),0) -> 0 | F93: =IFERROR(SUMIFS(INDEX(raw[[00.30]:[24.00]],0,$X$1+4),raw[Source.Name],$A$136,raw[LOKASI],"PLTU PACITAN #2"),0) -> 0 | G93: =IFERROR(SUMIFS(INDEX(raw[[00.30]:[24.00]],0,$X$1+5),raw[Source.Name],$A$136,raw[LOKASI],"PLTU PACITAN #2"),0) -> 0 | H93: =IFERROR(SUMIFS(INDEX(raw[[00.30]:[24.00]],0,$X$1+6),raw[Source.Name],$A$136,raw[LOKASI],"PLTU PACITAN #2"),0) -> 0 | I93: =IFERROR(SUMIFS(INDEX(raw[[00.30]:[24.00]],0,$X$1+7),raw[Source.Name],$A$136,raw[LOKASI],"PLTU PACITAN #2"),0) -> 0 | J93: =IFERROR(SUMIFS(INDEX(raw[[00.30]:[24.00]],0,$X$1+8),raw[Source.Name],$A$136,raw[LOKASI],"PLTU PACITAN #2"),0) -> 0 | K93: =IFERROR(SUMIFS(INDEX(raw[[00.30]:[24.00]],0,$X$1+9),raw[Source.Name],$A$136,raw[LOKASI],"PLTU PACITAN #2"),0) -> 0 | L93: =IFERROR(SUMIFS(INDEX(raw[[00.30]:[24.00]],0,$X$1+10),raw[Source.Name],$A$136,raw[LOKASI],"PLTU PACITAN #2"),0) -> 0 | M93: =IFERROR(SUMIFS(INDEX(raw[[00.30]:[24.00]],0,$X$1+11),raw[Source.Name],$A$136,raw[LOKASI],"PLTU PACITAN #2"),0) -> 0 | N93: =IFERROR(SUMIFS(INDEX(raw[[00.30]:[24.00]],0,$X$1+12),raw[Source.Name],$A$136,raw[LOKASI],"PLTU PACITAN #2"),0) -> 0 | O93: =IFERROR(SUMIFS(INDEX(raw[[00.30]:[24.00]],0,$X$1+13),raw[Source.Name],$A$136,raw[LOKASI],"PLTU PACITAN #2"),0) -> 0 | P93: =IFERROR(SUMIFS(INDEX(raw[[00.30]:[24.00]],0,$X$1+14),raw[Source.Name],$A$136,raw[LOKASI],"PLTU PACITAN #2"),0) -> 0 | Q93: =IFERROR(SUMIFS(INDEX(raw[[00.30]:[24.00]],0,$X$1+15),raw[Source.Name],$A$136,raw[LOKASI],"PLTU PACITAN #2"),0) -> 0 | R93: =IFERROR(SUMIFS(INDEX(raw[[00.30]:[24.00]],0,$X$1+16),raw[Source.Name],$A$136,raw[LOKASI],"PLTU PACITAN #2"),0) -> 0 | S93: =IFERROR(SUMIFS(INDEX(raw[[00.30]:[24.00]],0,$X$1+17),raw[Source.Name],$A$136,raw[LOKASI],"PLTU PACITAN #2"),0) -> 0 | T93: =IFERROR(SUMIFS(INDEX(raw[[00.30]:[24.00]],0,$X$1+18),raw[Source.Name],$A$136,raw[LOKASI],"PLTU PACITAN #2"),0) -> 0 | U93: =IFERROR(SUMIFS(INDEX(raw[[00.30]:[24.00]],0,$X$1+19),raw[Source.Name],$A$136,raw[LOKASI],"PLTU PACITAN #2"),0) -> 0 | V93: =IFERROR(SUMIFS(INDEX(raw[[00.30]:[24.00]],0,$X$1+20),raw[Source.Name],$A$136,raw[LOKASI],"PLTU PACITAN #2"),0) -> 0 | AA93: gresik TU | AN93: 30 | AO93: 23
A94: PLTU CRBON #2 | B94: =IF(VLOOKUP("PLTU CEPR #1",$A$7:$B$52,2,FALSE),1,0) -> 0 | C94: =IFERROR(SUMIFS(INDEX(raw[[00.30]:[24.00]],0,$X$1+1),raw[Source.Name],$A$136,raw[LOKASI],"PLTU CEPR #1"),0) -> 905.52 | D94: =IFERROR(SUMIFS(INDEX(raw[[00.30]:[24.00]],0,$X$1+2),raw[Source.Name],$A$136,raw[LOKASI],"PLTU CEPR #1"),0) -> 905.52 | E94: =IFERROR(SUMIFS(INDEX(raw[[00.30]:[24.00]],0,$X$1+3),raw[Source.Name],$A$136,raw[LOKASI],"PLTU CEPR #1"),0) -> 905.52 | F94: =IFERROR(SUMIFS(INDEX(raw[[00.30]:[24.00]],0,$X$1+4),raw[Source.Name],$A$136,raw[LOKASI],"PLTU CEPR #1"),0) -> 905.52 | G94: =IFERROR(SUMIFS(INDEX(raw[[00.30]:[24.00]],0,$X$1+5),raw[Source.Name],$A$136,raw[LOKASI],"PLTU CEPR #1"),0) -> 905.52 | H94: =IFERROR(SUMIFS(INDEX(raw[[00.30]:[24.00]],0,$X$1+6),raw[Source.Name],$A$136,raw[LOKASI],"PLTU CEPR #1"),0) -> 905.52 | I94: =IFERROR(SUMIFS(INDEX(raw[[00.30]:[24.00]],0,$X$1+7),raw[Source.Name],$A$136,raw[LOKASI],"PLTU CEPR #1"),0) -> 905.52 | J94: =IFERROR(SUMIFS(INDEX(raw[[00.30]:[24.00]],0,$X$1+8),raw[Source.Name],$A$136,raw[LOKASI],"PLTU CEPR #1"),0) -> 905.52 | K94: =IFERROR(SUMIFS(INDEX(raw[[00.30]:[24.00]],0,$X$1+9),raw[Source.Name],$A$136,raw[LOKASI],"PLTU CEPR #1"),0) -> 905.52 | L94: =IFERROR(SUMIFS(INDEX(raw[[00.30]:[24.00]],0,$X$1+10),raw[Source.Name],$A$136,raw[LOKASI],"PLTU CEPR #1"),0) -> 905.52 | M94: =IFERROR(SUMIFS(INDEX(raw[[00.30]:[24.00]],0,$X$1+11),raw[Source.Name],$A$136,raw[LOKASI],"PLTU CEPR #1"),0) -> 905.52 | N94: =IFERROR(SUMIFS(INDEX(raw[[00.30]:[24.00]],0,$X$1+12),raw[Source.Name],$A$136,raw[LOKASI],"PLTU CEPR #1"),0) -> 905.52 | O94: =IFERROR(SUMIFS(INDEX(raw[[00.30]:[24.00]],0,$X$1+13),raw[Source.Name],$A$136,raw[LOKASI],"PLTU CEPR #1"),0) -> 905.52 | P94: =IFERROR(SUMIFS(INDEX(raw[[00.30]:[24.00]],0,$X$1+14),raw[Source.Name],$A$136,raw[LOKASI],"PLTU CEPR #1"),0) -> 905.52 | Q94: =IFERROR(SUMIFS(INDEX(raw[[00.30]:[24.00]],0,$X$1+15),raw[Source.Name],$A$136,raw[LOKASI],"PLTU CEPR #1"),0) -> 905.52 | R94: =IFERROR(SUMIFS(INDEX(raw[[00.30]:[24.00]],0,$X$1+16),raw[Source.Name],$A$136,raw[LOKASI],"PLTU CEPR #1"),0) -> 905.52 | S94: =IFERROR(SUMIFS(INDEX(raw[[00.30]:[24.00]],0,$X$1+17),raw[Source.Name],$A$136,raw[LOKASI],"PLTU CEPR #1"),0) -> 905.52 | T94: =IFERROR(SUMIFS(INDEX(raw[[00.30]:[24.00]],0,$X$1+18),raw[Source.Name],$A$136,raw[LOKASI],"PLTU CEPR #1"),0) -> 905.52 | U94: =IFERROR(SUMIFS(INDEX(raw[[00.30]:[24.00]],0,$X$1+19),raw[Source.Name],$A$136,raw[LOKASI],"PLTU CEPR #1"),0) -> 905.52 | V94: =IFERROR(SUMIFS(INDEX(raw[[00.30]:[24.00]],0,$X$1+20),raw[Source.Name],$A$136,raw[LOKASI],"PLTU CEPR #1"),0) -> 905.52 | Y94: mkarang1 | AB94: 2cc 270 -20 | AL94: pola 90 130 160 terkait pressure nya aman
A95: PLTU PITON #1 | B95: =IF(VLOOKUP(A95,$A$7:$B$52,2,FALSE),1,0) -> 0 | C95: =IFERROR(SUMIFS(INDEX(raw[[00.30]:[24.00]],0,$X$1+1),raw[Source.Name],$A$136,raw[LOKASI],$A95),0) -> 275 | D95: =IFERROR(SUMIFS(INDEX(raw[[00.30]:[24.00]],0,$X$1+2),raw[Source.Name],$A$136,raw[LOKASI],$A95),0) -> 275 | E95: =IFERROR(SUMIFS(INDEX(raw[[00.30]:[24.00]],0,$X$1+3),raw[Source.Name],$A$136,raw[LOKASI],$A95),0) -> 275 | F95: =IFERROR(SUMIFS(INDEX(raw[[00.30]:[24.00]],0,$X$1+4),raw[Source.Name],$A$136,raw[LOKASI],$A95),0) -> 275 | G95: =IFERROR(SUMIFS(INDEX(raw[[00.30]:[24.00]],0,$X$1+5),raw[Source.Name],$A$136,raw[LOKASI],$A95),0) -> 275 | H95: =IFERROR(SUMIFS(INDEX(raw[[00.30]:[24.00]],0,$X$1+6),raw[Source.Name],$A$136,raw[LOKASI],$A95),0) -> 275 | I95: =IFERROR(SUMIFS(INDEX(raw[[00.30]:[24.00]],0,$X$1+7),raw[Source.Name],$A$136,raw[LOKASI],$A95),0) -> 275 | J95: =IFERROR(SUMIFS(INDEX(raw[[00.30]:[24.00]],0,$X$1+8),raw[Source.Name],$A$136,raw[LOKASI],$A95),0) -> 275 | K95: =IFERROR(SUMIFS(INDEX(raw[[00.30]:[24.00]],0,$X$1+9),raw[Source.Name],$A$136,raw[LOKASI],$A95),0) -> 275 | L95: =IFERROR(SUMIFS(INDEX(raw[[00.30]:[24.00]],0,$X$1+10),raw[Source.Name],$A$136,raw[LOKASI],$A95),0) -> 275 | M95: =IFERROR(SUMIFS(INDEX(raw[[00.30]:[24.00]],0,$X$1+11),raw[Source.Name],$A$136,raw[LOKASI],$A95),0) -> 275 | N95: =IFERROR(SUMIFS(INDEX(raw[[00.30]:[24.00]],0,$X$1+12),raw[Source.Name],$A$136,raw[LOKASI],$A95),0) -> 340 | O95: =IFERROR(SUMIFS(INDEX(raw[[00.30]:[24.00]],0,$X$1+13),raw[Source.Name],$A$136,raw[LOKASI],$A95),0) -> 340 | P95: =IFERROR(SUMIFS(INDEX(raw[[00.30]:[24.00]],0,$X$1+14),raw[Source.Name],$A$136,raw[LOKASI],$A95),0) -> 340 | Q95: =IFERROR(SUMIFS(INDEX(raw[[00.30]:[24.00]],0,$X$1+15),raw[Source.Name],$A$136,raw[LOKASI],$A95),0) -> 340 | R95: =IFERROR(SUMIFS(INDEX(raw[[00.30]:[24.00]],0,$X$1+16),raw[Source.Name],$A$136,raw[LOKASI],$A95),0) -> 340 | S95: =IFERROR(SUMIFS(INDEX(raw[[00.30]:[24.00]],0,$X$1+17),raw[Source.Name],$A$136,raw[LOKASI],$A95),0) -> 340 | T95: =IFERROR(SUMIFS(INDEX(raw[[00.30]:[24.00]],0,$X$1+18),raw[Source.Name],$A$136,raw[LOKASI],$A95),0) -> 340 | U95: =IFERROR(SUMIFS(INDEX(raw[[00.30]:[24.00]],0,$X$1+19),raw[Source.Name],$A$136,raw[LOKASI],$A95),0) -> 340 | V95: =IFERROR(SUMIFS(INDEX(raw[[00.30]:[24.00]],0,$X$1+20),raw[Source.Name],$A$136,raw[LOKASI],$A95),0) -> 340 | Y95: NR MK+TP+MTW+PGN MAX 480 MMSCFD | AN95: =AN92/AN93 -> 3.3333333
A96: PLTU PITON #2 | B96: =IF(VLOOKUP(A96,$A$7:$B$52,2,FALSE),1,0) -> 0 | C96: =IFERROR(SUMIFS(INDEX(raw[[00.30]:[24.00]],0,$X$1+1),raw[Source.Name],$A$136,raw[LOKASI],$A96),0) -> 275 | D96: =IFERROR(SUMIFS(INDEX(raw[[00.30]:[24.00]],0,$X$1+2),raw[Source.Name],$A$136,raw[LOKASI],$A96),0) -> 275 | E96: =IFERROR(SUMIFS(INDEX(raw[[00.30]:[24.00]],0,$X$1+3),raw[Source.Name],$A$136,raw[LOKASI],$A96),0) -> 275 | F96: =IFERROR(SUMIFS(INDEX(raw[[00.30]:[24.00]],0,$X$1+4),raw[Source.Name],$A$136,raw[LOKASI],$A96),0) -> 275 | G96: =IFERROR(SUMIFS(INDEX(raw[[00.30]:[24.00]],0,$X$1+5),raw[Source.Name],$A$136,raw[LOKASI],$A96),0) -> 275 | H96: =IFERROR(SUMIFS(INDEX(raw[[00.30]:[24.00]],0,$X$1+6),raw[Source.Name],$A$136,raw[LOKASI],$A96),0) -> 275 | I96: =IFERROR(SUMIFS(INDEX(raw[[00.30]:[24.00]],0,$X$1+7),raw[Source.Name],$A$136,raw[LOKASI],$A96),0) -> 275 | J96: =IFERROR(SUMIFS(INDEX(raw[[00.30]:[24.00]],0,$X$1+8),raw[Source.Name],$A$136,raw[LOKASI],$A96),0) -> 275 | K96: =IFERROR(SUMIFS(INDEX(raw[[00.30]:[24.00]],0,$X$1+9),raw[Source.Name],$A$136,raw[LOKASI],$A96),0) -> 275 | L96: =IFERROR(SUMIFS(INDEX(raw[[00.30]:[24.00]],0,$X$1+10),raw[Source.Name],$A$136,raw[LOKASI],$A96),0) -> 275 | M96: =IFERROR(SUMIFS(INDEX(raw[[00.30]:[24.00]],0,$X$1+11),raw[Source.Name],$A$136,raw[LOKASI],$A96),0) -> 275 | N96: =IFERROR(SUMIFS(INDEX(raw[[00.30]:[24.00]],0,$X$1+12),raw[Source.Name],$A$136,raw[LOKASI],$A96),0) -> 340 | O96: =IFERROR(SUMIFS(INDEX(raw[[00.30]:[24.00]],0,$X$1+13),raw[Source.Name],$A$136,raw[LOKASI],$A96),0) -> 340 | P96: =IFERROR(SUMIFS(INDEX(raw[[00.30]:[24.00]],0,$X$1+14),raw[Source.Name],$A$136,raw[LOKASI],$A96),0) -> 340 | Q96: =IFERROR(SUMIFS(INDEX(raw[[00.30]:[24.00]],0,$X$1+15),raw[Source.Name],$A$136,raw[LOKASI],$A96),0) -> 340 | R96: =IFERROR(SUMIFS(INDEX(raw[[00.30]:[24.00]],0,$X$1+16),raw[Source.Name],$A$136,raw[LOKASI],$A96),0) -> 340 | S96: =IFERROR(SUMIFS(INDEX(raw[[00.30]:[24.00]],0,$X$1+17),raw[Source.Name],$A$136,raw[LOKASI],$A96),0) -> 340 | T96: =IFERROR(SUMIFS(INDEX(raw[[00.30]:[24.00]],0,$X$1+18),raw[Source.Name],$A$136,raw[LOKASI],$A96),0) -> 340 | U96: =IFERROR(SUMIFS(INDEX(raw[[00.30]:[24.00]],0,$X$1+19),raw[Source.Name],$A$136,raw[LOKASI],$A96),0) -> 340 | V96: =IFERROR(SUMIFS(INDEX(raw[[00.30]:[24.00]],0,$X$1+20),raw[Source.Name],$A$136,raw[LOKASI],$A96),0) -> 340 | Y96: PATH INDRA | Z96: MANDI-BANDUNG
A97: PLTU CLBWG #1 | B97: =IF(VLOOKUP(A97,$A$7:$B$52,2,FALSE),1,0) -> #N/A | C97: =IFERROR(SUMIFS(INDEX(raw[[00.30]:[24.00]],0,$X$1+1),raw[Source.Name],$A$136,raw[LOKASI],"PLTU CELUKAN BAWANG #1"),0) -> 125 | D97: =IFERROR(SUMIFS(INDEX(raw[[00.30]:[24.00]],0,$X$1+2),raw[Source.Name],$A$136,raw[LOKASI],"PLTU CELUKAN BAWANG #1"),0) -> 125 | E97: =IFERROR(SUMIFS(INDEX(raw[[00.30]:[24.00]],0,$X$1+3),raw[Source.Name],$A$136,raw[LOKASI],"PLTU CELUKAN BAWANG #1"),0) -> 125 | F97: =IFERROR(SUMIFS(INDEX(raw[[00.30]:[24.00]],0,$X$1+4),raw[Source.Name],$A$136,raw[LOKASI],"PLTU CELUKAN BAWANG #1"),0) -> 125 | G97: =IFERROR(SUMIFS(INDEX(raw[[00.30]:[24.00]],0,$X$1+5),raw[Source.Name],$A$136,raw[LOKASI],"PLTU CELUKAN BAWANG #1"),0) -> 125 | H97: =IFERROR(SUMIFS(INDEX(raw[[00.30]:[24.00]],0,$X$1+6),raw[Source.Name],$A$136,raw[LOKASI],"PLTU CELUKAN BAWANG #1"),0) -> 125 | I97: =IFERROR(SUMIFS(INDEX(raw[[00.30]:[24.00]],0,$X$1+7),raw[Source.Name],$A$136,raw[LOKASI],"PLTU CELUKAN BAWANG #1"),0) -> 125 | J97: =IFERROR(SUMIFS(INDEX(raw[[00.30]:[24.00]],0,$X$1+8),raw[Source.Name],$A$136,raw[LOKASI],"PLTU CELUKAN BAWANG #1"),0) -> 125 | K97: =IFERROR(SUMIFS(INDEX(raw[[00.30]:[24.00]],0,$X$1+9),raw[Source.Name],$A$136,raw[LOKASI],"PLTU CELUKAN BAWANG #1"),0) -> 125 | L97: =IFERROR(SUMIFS(INDEX(raw[[00.30]:[24.00]],0,$X$1+10),raw[Source.Name],$A$136,raw[LOKASI],"PLTU CELUKAN BAWANG #1"),0) -> 125 | M97: =IFERROR(SUMIFS(INDEX(raw[[00.30]:[24.00]],0,$X$1+11),raw[Source.Name],$A$136,raw[LOKASI],"PLTU CELUKAN BAWANG #1"),0) -> 125 | N97: =IFERROR(SUMIFS(INDEX(raw[[00.30]:[24.00]],0,$X$1+12),raw[Source.Name],$A$136,raw[LOKASI],"PLTU CELUKAN BAWANG #1"),0) -> 125 | O97: =IFERROR(SUMIFS(INDEX(raw[[00.30]:[24.00]],0,$X$1+13),raw[Source.Name],$A$136,raw[LOKASI],"PLTU CELUKAN BAWANG #1"),0) -> 125 | P97: =IFERROR(SUMIFS(INDEX(raw[[00.30]:[24.00]],0,$X$1+14),raw[Source.Name],$A$136,raw[LOKASI],"PLTU CELUKAN BAWANG #1"),0) -> 125 | Q97: =IFERROR(SUMIFS(INDEX(raw[[00.30]:[24.00]],0,$X$1+15),raw[Source.Name],$A$136,raw[LOKASI],"PLTU CELUKAN BAWANG #1"),0) -> 125 | R97: =IFERROR(SUMIFS(INDEX(raw[[00.30]:[24.00]],0,$X$1+16),raw[Source.Name],$A$136,raw[LOKASI],"PLTU CELUKAN BAWANG #1"),0) -> 125 | S97: =IFERROR(SUMIFS(INDEX(raw[[00.30]:[24.00]],0,$X$1+17),raw[Source.Name],$A$136,raw[LOKASI],"PLTU CELUKAN BAWANG #1"),0) -> 125 | T97: =IFERROR(SUMIFS(INDEX(raw[[00.30]:[24.00]],0,$X$1+18),raw[Source.Name],$A$136,raw[LOKASI],"PLTU CELUKAN BAWANG #1"),0) -> 125 | U97: =IFERROR(SUMIFS(INDEX(raw[[00.30]:[24.00]],0,$X$1+19),raw[Source.Name],$A$136,raw[LOKASI],"PLTU CELUKAN BAWANG #1"),0) -> 125 | V97: =IFERROR(SUMIFS(INDEX(raw[[00.30]:[24.00]],0,$X$1+20),raw[Source.Name],$A$136,raw[LOKASI],"PLTU CELUKAN BAWANG #1"),0) -> 125 | Z97: MANDI-UJUNG
A98: PLTU CLBWG #2 | B98: =IF(VLOOKUP(A98,$A$7:$B$52,2,FALSE),1,0) -> #N/A | C98: =IFERROR(SUMIFS(INDEX(raw[[00.30]:[24.00]],0,$X$1+1),raw[Source.Name],$A$136,raw[LOKASI],"PLTU CELUKAN BAWANG #2"),0) -> 125 | D98: =IFERROR(SUMIFS(INDEX(raw[[00.30]:[24.00]],0,$X$1+2),raw[Source.Name],$A$136,raw[LOKASI],"PLTU CELUKAN BAWANG #2"),0) -> 125 | E98: =IFERROR(SUMIFS(INDEX(raw[[00.30]:[24.00]],0,$X$1+3),raw[Source.Name],$A$136,raw[LOKASI],"PLTU CELUKAN BAWANG #2"),0) -> 125 | F98: =IFERROR(SUMIFS(INDEX(raw[[00.30]:[24.00]],0,$X$1+4),raw[Source.Name],$A$136,raw[LOKASI],"PLTU CELUKAN BAWANG #2"),0) -> 125 | G98: =IFERROR(SUMIFS(INDEX(raw[[00.30]:[24.00]],0,$X$1+5),raw[Source.Name],$A$136,raw[LOKASI],"PLTU CELUKAN BAWANG #2"),0) -> 125 | H98: =IFERROR(SUMIFS(INDEX(raw[[00.30]:[24.00]],0,$X$1+6),raw[Source.Name],$A$136,raw[LOKASI],"PLTU CELUKAN BAWANG #2"),0) -> 125 | I98: =IFERROR(SUMIFS(INDEX(raw[[00.30]:[24.00]],0,$X$1+7),raw[Source.Name],$A$136,raw[LOKASI],"PLTU CELUKAN BAWANG #2"),0) -> 125 | J98: =IFERROR(SUMIFS(INDEX(raw[[00.30]:[24.00]],0,$X$1+8),raw[Source.Name],$A$136,raw[LOKASI],"PLTU CELUKAN BAWANG #2"),0) -> 125 | K98: =IFERROR(SUMIFS(INDEX(raw[[00.30]:[24.00]],0,$X$1+9),raw[Source.Name],$A$136,raw[LOKASI],"PLTU CELUKAN BAWANG #2"),0) -> 125 | L98: =IFERROR(SUMIFS(INDEX(raw[[00.30]:[24.00]],0,$X$1+10),raw[Source.Name],$A$136,raw[LOKASI],"PLTU CELUKAN BAWANG #2"),0) -> 125 | M98: =IFERROR(SUMIFS(INDEX(raw[[00.30]:[24.00]],0,$X$1+11),raw[Source.Name],$A$136,raw[LOKASI],"PLTU CELUKAN BAWANG #2"),0) -> 125 | N98: =IFERROR(SUMIFS(INDEX(raw[[00.30]:[24.00]],0,$X$1+12),raw[Source.Name],$A$136,raw[LOKASI],"PLTU CELUKAN BAWANG #2"),0) -> 125 | O98: =IFERROR(SUMIFS(INDEX(raw[[00.30]:[24.00]],0,$X$1+13),raw[Source.Name],$A$136,raw[LOKASI],"PLTU CELUKAN BAWANG #2"),0) -> 125 | P98: =IFERROR(SUMIFS(INDEX(raw[[00.30]:[24.00]],0,$X$1+14),raw[Source.Name],$A$136,raw[LOKASI],"PLTU CELUKAN BAWANG #2"),0) -> 125 | Q98: =IFERROR(SUMIFS(INDEX(raw[[00.30]:[24.00]],0,$X$1+15),raw[Source.Name],$A$136,raw[LOKASI],"PLTU CELUKAN BAWANG #2"),0) -> 125 | R98: =IFERROR(SUMIFS(INDEX(raw[[00.30]:[24.00]],0,$X$1+16),raw[Source.Name],$A$136,raw[LOKASI],"PLTU CELUKAN BAWANG #2"),0) -> 125 | S98: =IFERROR(SUMIFS(INDEX(raw[[00.30]:[24.00]],0,$X$1+17),raw[Source.Name],$A$136,raw[LOKASI],"PLTU CELUKAN BAWANG #2"),0) -> 125 | T98: =IFERROR(SUMIFS(INDEX(raw[[00.30]:[24.00]],0,$X$1+18),raw[Source.Name],$A$136,raw[LOKASI],"PLTU CELUKAN BAWANG #2"),0) -> 125 | U98: =IFERROR(SUMIFS(INDEX(raw[[00.30]:[24.00]],0,$X$1+19),raw[Source.Name],$A$136,raw[LOKASI],"PLTU CELUKAN BAWANG #2"),0) -> 125 | V98: =IFERROR(SUMIFS(INDEX(raw[[00.30]:[24.00]],0,$X$1+20),raw[Source.Name],$A$136,raw[LOKASI],"PLTU CELUKAN BAWANG #2"),0) -> 125 | Z98: MANDI-INDRA 1
A99: PLTU CLBWG #3 | B99: =IF(VLOOKUP(A99,$A$7:$B$52,2,FALSE),1,0) -> #N/A | C99: =IFERROR(SUMIFS(INDEX(raw[[00.30]:[24.00]],0,$X$1+1),raw[Source.Name],$A$136,raw[LOKASI],"PLTU CELUKAN BAWANG #3"),0) -> 99 | D99: =IFERROR(SUMIFS(INDEX(raw[[00.30]:[24.00]],0,$X$1+2),raw[Source.Name],$A$136,raw[LOKASI],"PLTU CELUKAN BAWANG #3"),0) -> 102.5 | E99: =IFERROR(SUMIFS(INDEX(raw[[00.30]:[24.00]],0,$X$1+3),raw[Source.Name],$A$136,raw[LOKASI],"PLTU CELUKAN BAWANG #3"),0) -> 130 | F99: =IFERROR(SUMIFS(INDEX(raw[[00.30]:[24.00]],0,$X$1+4),raw[Source.Name],$A$136,raw[LOKASI],"PLTU CELUKAN BAWANG #3"),0) -> 130 | G99: =IFERROR(SUMIFS(INDEX(raw[[00.30]:[24.00]],0,$X$1+5),raw[Source.Name],$A$136,raw[LOKASI],"PLTU CELUKAN BAWANG #3"),0) -> 130 | H99: =IFERROR(SUMIFS(INDEX(raw[[00.30]:[24.00]],0,$X$1+6),raw[Source.Name],$A$136,raw[LOKASI],"PLTU CELUKAN BAWANG #3"),0) -> 130 | I99: =IFERROR(SUMIFS(INDEX(raw[[00.30]:[24.00]],0,$X$1+7),raw[Source.Name],$A$136,raw[LOKASI],"PLTU CELUKAN BAWANG #3"),0) -> 130 | J99: =IFERROR(SUMIFS(INDEX(raw[[00.30]:[24.00]],0,$X$1+8),raw[Source.Name],$A$136,raw[LOKASI],"PLTU CELUKAN BAWANG #3"),0) -> 130 | K99: =IFERROR(SUMIFS(INDEX(raw[[00.30]:[24.00]],0,$X$1+9),raw[Source.Name],$A$136,raw[LOKASI],"PLTU CELUKAN BAWANG #3"),0) -> 130 | L99: =IFERROR(SUMIFS(INDEX(raw[[00.30]:[24.00]],0,$X$1+10),raw[Source.Name],$A$136,raw[LOKASI],"PLTU CELUKAN BAWANG #3"),0) -> 130 | M99: =IFERROR(SUMIFS(INDEX(raw[[00.30]:[24.00]],0,$X$1+11),raw[Source.Name],$A$136,raw[LOKASI],"PLTU CELUKAN BAWANG #3"),0) -> 130 | N99: =IFERROR(SUMIFS(INDEX(raw[[00.30]:[24.00]],0,$X$1+12),raw[Source.Name],$A$136,raw[LOKASI],"PLTU CELUKAN BAWANG #3"),0) -> 130 | O99: =IFERROR(SUMIFS(INDEX(raw[[00.30]:[24.00]],0,$X$1+13),raw[Source.Name],$A$136,raw[LOKASI],"PLTU CELUKAN BAWANG #3"),0) -> 130 | P99: =IFERROR(SUMIFS(INDEX(raw[[00.30]:[24.00]],0,$X$1+14),raw[Source.Name],$A$136,raw[LOKASI],"PLTU CELUKAN BAWANG #3"),0) -> 130 | Q99: =IFERROR(SUMIFS(INDEX(raw[[00.30]:[24.00]],0,$X$1+15),raw[Source.Name],$A$136,raw[LOKASI],"PLTU CELUKAN BAWANG #3"),0) -> 130 | R99: =IFERROR(SUMIFS(INDEX(raw[[00.30]:[24.00]],0,$X$1+16),raw[Source.Name],$A$136,raw[LOKASI],"PLTU CELUKAN BAWANG #3"),0) -> 130 | S99: =IFERROR(SUMIFS(INDEX(raw[[00.30]:[24.00]],0,$X$1+17),raw[Source.Name],$A$136,raw[LOKASI],"PLTU CELUKAN BAWANG #3"),0) -> 130 | T99: =IFERROR(SUMIFS(INDEX(raw[[00.30]:[24.00]],0,$X$1+18),raw[Source.Name],$A$136,raw[LOKASI],"PLTU CELUKAN BAWANG #3"),0) -> 130 | U99: =IFERROR(SUMIFS(INDEX(raw[[00.30]:[24.00]],0,$X$1+19),raw[Source.Name],$A$136,raw[LOKASI],"PLTU CELUKAN BAWANG #3"),0) -> 130 | V99: =IFERROR(SUMIFS(INDEX(raw[[00.30]:[24.00]],0,$X$1+20),raw[Source.Name],$A$136,raw[LOKASI],"PLTU CELUKAN BAWANG #3"),0) -> 130 | Z99: MANDI-INDRA 2
A100: PLTU PEC #7 | B100: =IF(VLOOKUP(A100,$A$7:$B$52,2,FALSE),1,0) -> 1 | C100: =IFERROR(SUMIFS(INDEX(raw[[00.30]:[24.00]],0,$X$1+1),raw[Source.Name],$A$136,raw[LOKASI],$A100),0) -> 597.8 | D100: =IFERROR(SUMIFS(INDEX(raw[[00.30]:[24.00]],0,$X$1+2),raw[Source.Name],$A$136,raw[LOKASI],$A100),0) -> 597.8 | E100: =IFERROR(SUMIFS(INDEX(raw[[00.30]:[24.00]],0,$X$1+3),raw[Source.Name],$A$136,raw[LOKASI],$A100),0) -> 597.8 | F100: =IFERROR(SUMIFS(INDEX(raw[[00.30]:[24.00]],0,$X$1+4),raw[Source.Name],$A$136,raw[LOKASI],$A100),0) -> 597.8 | G100: =IFERROR(SUMIFS(INDEX(raw[[00.30]:[24.00]],0,$X$1+5),raw[Source.Name],$A$136,raw[LOKASI],$A100),0) -> 597.8 | H100: =IFERROR(SUMIFS(INDEX(raw[[00.30]:[24.00]],0,$X$1+6),raw[Source.Name],$A$136,raw[LOKASI],$A100),0) -> 597.8 | I100: =IFERROR(SUMIFS(INDEX(raw[[00.30]:[24.00]],0,$X$1+7),raw[Source.Name],$A$136,raw[LOKASI],$A100),0) -> 597.8 | J100: =IFERROR(SUMIFS(INDEX(raw[[00.30]:[24.00]],0,$X$1+8),raw[Source.Name],$A$136,raw[LOKASI],$A100),0) -> 597.8 | K100: =IFERROR(SUMIFS(INDEX(raw[[00.30]:[24.00]],0,$X$1+9),raw[Source.Name],$A$136,raw[LOKASI],$A100),0) -> 597.8 | L100: =IFERROR(SUMIFS(INDEX(raw[[00.30]:[24.00]],0,$X$1+10),raw[Source.Name],$A$136,raw[LOKASI],$A100),0) -> 597.8 | M100: =IFERROR(SUMIFS(INDEX(raw[[00.30]:[24.00]],0,$X$1+11),raw[Source.Name],$A$136,raw[LOKASI],$A100),0) -> 597.8 | N100: =IFERROR(SUMIFS(INDEX(raw[[00.30]:[24.00]],0,$X$1+12),raw[Source.Name],$A$136,raw[LOKASI],$A100),0) -> 597.8 | O100: =IFERROR(SUMIFS(INDEX(raw[[00.30]:[24.00]],0,$X$1+13),raw[Source.Name],$A$136,raw[LOKASI],$A100),0) -> 597.8 | P100: =IFERROR(SUMIFS(INDEX(raw[[00.30]:[24.00]],0,$X$1+14),raw[Source.Name],$A$136,raw[LOKASI],$A100),0) -> 597.8 | Q100: =IFERROR(SUMIFS(INDEX(raw[[00.30]:[24.00]],0,$X$1+15),raw[Source.Name],$A$136,raw[LOKASI],$A100),0) -> 597.8 | R100: =IFERROR(SUMIFS(INDEX(raw[[00.30]:[24.00]],0,$X$1+16),raw[Source.Name],$A$136,raw[LOKASI],$A100),0) -> 597.8 | S100: =IFERROR(SUMIFS(INDEX(raw[[00.30]:[24.00]],0,$X$1+17),raw[Source.Name],$A$136,raw[LOKASI],$A100),0) -> 597.8 | T100: =IFERROR(SUMIFS(INDEX(raw[[00.30]:[24.00]],0,$X$1+18),raw[Source.Name],$A$136,raw[LOKASI],$A100),0) -> 597.8 | U100: =IFERROR(SUMIFS(INDEX(raw[[00.30]:[24.00]],0,$X$1+19),raw[Source.Name],$A$136,raw[LOKASI],$A100),0) -> 597.8 | V100: =IFERROR(SUMIFS(INDEX(raw[[00.30]:[24.00]],0,$X$1+20),raw[Source.Name],$A$136,raw[LOKASI],$A100),0) -> 597.8
...

Sheet monitor
B1: JAWA7 | D1: JAWA910
A2: 0.020833333 | B2: 416
A3: 0.041666667 | B3: 417 | J3: 1.3 mkarang gagal sinkrong
A4: 0.0625 | B4: 417
A5: 0.083333333 | B5: 415
A6: 0.10416667 | B6: 415
A7: 0.125 | B7: 414
A8: 0.14583333 | B8: 415
A9: 0.16666667 | B9: 414
A10: 0.1875 | B10: 415
A11: 0.20833333 | B11: 418
A12: 0.22916667 | B12: 416
A13: 0.25 | B13: 415
A14: 0.27083333 | B14: 418
A15: 0.29166667 | B15: 418
... A49: 1 | B49: 416

Sheet INT
A1: LOKASI | B1: DMN | C1: 00.30 | D1: 01.00 | E1: 01.30 | F1: 02.00 | G1: 02.30 | H1: 03.00 | I1: 03.30 | J1: 04.00 | K1: 04.30 | L1: 05.00 | M1: 05.30 | N1: 06.00 | O1: 06.30 | P1: 07.00 | Q1: 07.30 | R1: 08.00 | S1: 08.30 | T1: 09.00 | U1: 09.30 | V1: 10.00 | W1: 10.30 | X1: 11.00 | Y1: 11.30 | Z1: 12.00 | AA1: 12.30 | AB1: 13.00 | AC1: 13.30 | AD1: 14.00 | AE1: 14.30 | AF1: 15.00 | AG1: 15.30 | AH1: 16.00 | AI1: 16.30 | AJ1: 17.00 | AK1: 17.30 | AL1: 18.00 | AM1: 18.30 | AN1: 19.00 | AO1: 19.30 | AP1: 20.00 | AQ1: 20.30 | AR1: 21.00 | AS1: 21.30 | AT1: 22.00 | AU1: 22.30 | AV1: 23.00 | AW1: 23.30 | AX1: 24.00
A3: RJKB
C4: PT. INDONESIA POWER | D4: PT. INDONESIA POWER | E4: PT. INDONESIA POWER | F4: PT. INDONESIA POWER | G4: PT. INDONESIA POWER | H4: PT. INDONESIA POWER | I4: PT. INDONESIA POWER | J4: PT. INDONESIA POWER | K4: PT. INDONESIA POWER | L4: PT. INDONESIA POWER | M4: PT. INDONESIA POWER | N4: PT. INDONESIA POWER | O4: PT. INDONESIA POWER | P4: PT. INDONESIA POWER | Q4: PT. INDONESIA POWER | R4: PT. INDONESIA POWER | S4: PT. INDONESIA POWER | T4: PT. INDONESIA POWER | U4: PT. INDONESIA POWER | V4: PT. INDONESIA POWER | W4: PT. INDONESIA POWER | X4: PT. INDONESIA POWER | Y4: PT. INDONESIA POWER | Z4: PT. INDONESIA POWER | AA4: PT. INDONESIA POWER | AB4: PT. INDONESIA POWER | AC4: PT. INDONESIA POWER | AD4: PT. INDONESIA POWER | AE4: PT. INDONESIA POWER | AF4: PT. INDONESIA POWER | AG4: PT. INDONESIA POWER | AH4: PT. INDONESIA POWER | AI4: PT. INDONESIA POWER | AJ4: PT. INDONESIA POWER | AK4: PT. INDONESIA POWER | AL4: PT. INDONESIA POWER | AM4: PT. INDONESIA POWER | AN4: PT. INDONESIA POWER | AO4: PT. INDONESIA POWER | AP4: PT. INDONESIA POWER | AQ4: PT. INDONESIA POWER | AR4: PT. INDONESIA POWER | AS4: PT. INDONESIA POWER | AT4: PT. INDONESIA POWER | AU4: PT. INDONESIA POWER | AV4: PT. INDONESIA POWER | AW4: PT. INDONESIA POWER | AX4: PT. INDONESIA POWER
A6: PLTA Region 1 | C6: 4 | D6: 3 | E6: 3 | F6: 3 | G6: 3 | H6: 3 | I6: 3 | J6: 3 | K6: 3 | L6: 3 | M6: 3 | N6: 3 | O6: 4 | P6: 4 | Q6: 4 | R6: 4 | S6: 4 | T6: 4 | U6: 4 | V6: 4 | W6: 8 | X6: 8 | Y6: 8 | Z6: 8 | AA6: 8 | AB6: 8 | AC6: 8 | AD6: 8 | AE6: 8 | AF6: 8 | AG6: 8 | AH6: 8 | AI6: 8 | AJ6: 8 | AK6: 8 | AL6: 8 | AM6: 8 | AN6: 8 | AO6: 8 | AP6: 4 | AQ6: 4 | AR6: 4 | AS6: 4 | AT6: 4 | AU6: 4 | AV6: 4 | AW6: 4 | AX6: 4
A8: PLTU SRLYA #1 | B8: 371.5 | C8: 284.2 | D8: 284.2 | E8: 284.2 | F8: 284.2 | G8: 284.2 | H8: 284.2 | I8: 284.2 | J8: 284.2 | K8: 284.2 | L8: 284.2 | M8: 284.2 | N8: 284.2 | O8: 284.2 | P8: 200 | Q8: 200 | R8: 216.8 | S8: 216.8 | T8: 333.2 | U8: 333.2 | V8: 333.2 | W8: 333.2 | X8: 333.2 | Y8: 333.2 | Z8: 333.2 | AA8: 333.2 | AB8: 333.2 | AC8: 333.2 | AD8: 333.2 | AE8: 333.2 | AF8: 333.2 | AG8: 333.2 | AH8: 333.2 | AI8: 333.2 | AJ8: 333.2 | AK8: 333.2 | AL8: 333.2 | AM8: 333.2 | AN8: 333.2 | AO8: 333.2 | AP8: 333.2 | AQ8: 333.2 | AR8: 333.2 | AS8: 200 | AT8: 333.2 | AU8: 333.2 | AV8: 333.2 | AW8: 333.2 | AX8: 333.2
A9: PLTU SRLYA #2 | B9: 371.5 | C9: 284.2 | D9: 284.2 | E9: 284.2 | F9: 284.2 | G9: 284.2 | H9: 284.2 | I9: 284.2 | J9: 284.2 | K9: 284.2 | L9: 284.2 | M9: 284.2 | N9: 284.2 | O9: 284.2 | P9: 248 | Q9: 230 | R9: 230 | S9: 230 | T9: 333.2 | U9: 333.2 | V9: 333.2 | W9: 333.2 | X9: 333.2 | Y9: 333.2 | Z9: 333.2 | AA9: 333.2 | AB9: 333.2 | AC9: 333.2 | AD9: 333.2 | AE9: 333.2 | AF9: 333.2 | AG9: 333.2 | AH9: 333.2 | AI9: 333.2 | AJ9: 333.2 | AK9: 333.2 | AL9: 333.2 | AM9: 333.2 | AN9: 333.2 | AO9: 333.2 | AP9: 333.2 | AQ9: 333.2 | AR9: 333.2 | AS9: 246.8 | AT9: 333.2 | AU9: 333.2 | AV9: 333.2 | AW9: 333.2 | AX9: 333.2
A10: PLTU SRLYA #4 | B10: 371.5 | C10: 284.2 | D10: 284.2 | E10: 284.2 | F10: 284.2 | G10: 284.2 | H10: 284.2 | I10: 284.2 | J10: 284.2 | K10: 284.2 | L10: 284.2 | M10: 284.2 | N10: 284.2 | O10: 284.2 | P10: 200 | Q10: 200 | R10: 333.2 | S10: 333.2 | T10: 333.2 | U10: 333.2 | V10: 333.2 | W10: 333.2 | X10: 333.2 | Y10: 333.2 | Z10: 333.2 | AA10: 333.2 | AB10: 333.2 | AC10: 333.2 | AD10: 333.2 | AE10: 333.2 | AF10: 333.2 | AG10: 333.2 | AH10: 333.2 | AI10: 333.2 | AJ10: 333.2 | AK10: 333.2 | AL10: 333.2 | AM10: 333.2 | AN10: 333.2 | AO10: 333.2 | AP10: 333.2 | AQ10: 333.2 | AR10: 333.2 | AS10: 333.2 | AT10: 333.2 | AU10: 333.2 | AV10: 333.2 | AW10: 333.2 | AX10: 333.2
A11: PLTU SRLYA #5 | B11: 575.2 | C11: 320 | D11: 320 | E11: 320 | F11: 320 | G11: 320 | H11: 318 | I11: 318 | J11: 318 | K11: 318 | L11: 318 | M11: 318 | N11: 318 | O11: 318 | P11: 300 | Q11: 310 | R11: 400 | S11: 400 | T11: 490 | U11: 490 | V11: 490 | W11: 490 | X11: 490 | Y11: 490 | Z11: 490 | AA11: 490 | AB11: 490 | AC11: 490 | AD11: 490 | AE11: 490 | AF11: 490 | AG11: 490 | AH11: 490 | AI11: 490 | AJ11: 490 | AK11: 490 | AL11: 490 | AM11: 490 | AN11: 490 | AO11: 490 | AP11: 490 | AQ11: 490 | AR11: 490 | AS11: 400 | AT11: 310 | AU11: 310 | AV11: 310 | AW11: 310 | AX11: 310
A12: PLTU SRLYA #6 | B12: 575.2 | C12: 357.4 | D12: 357.4 | E12: 357.4 | F12: 357.4 | G12: 357.4 | H12: 357.4 | I12: 357.4 | J12: 357.4 | K12: 357.4 | L12: 357.4 | M12: 357.4 | N12: 357.4 | O12: 357.4 | P12: 490 | Q12: 490 | R12: 340 | S12: 340 | T12: 490 | U12: 490 | V12: 490 | W12: 490 | X12: 490 | Y12: 490 | Z12: 490 | AA12: 490 | AB12: 490 | AC12: 490 | AD12: 490 | AE12: 490 | AF12: 490 | AG12: 490 | AH12: 490 | AI12: 490 | AJ12: 490 | AK12: 490 | AL12: 490 | AM12: 490 | AN12: 490 | AO12: 490 | AP12: 490 | AQ12: 490 | AR12: 490 | AS12: 340 | AT12: 300.4 | AU12: 300.4 | AV12: 300.4 | AW12: 300.4 | AX12: 300.4
A13: PLTU SRLYA #7 | B13: 575.2 | C13: 390 | D13: 390 | E13: 390 | F13: 390 | G13: 390 | H13: 392 | I13: 392 | J13: 392 | K13: 392 | L13: 392 | M13: 392 | N13: 392 | O13: 392 | P13: 482 | Q13: 490 | R13: 400 | S13: 400 | T13: 490 | U13: 490 | V13: 490 | W13: 490 | X13: 490 | Y13: 490 | Z13: 490 | AA13: 490 | AB13: 490 | AC13: 490 | AD13: 490 | AE13: 490 | AF13: 490 | AG13: 490 | AH13: 490 | AI13: 490 | AJ13: 490 | AK13: 490 | AL13: 490 | AM13: 490 | AN13: 490 | AO13: 490 | AP13: 490 | AQ13: 490 | AR13: 490 | AS13: 400 | AT13: 310 | AU13: 310 | AV13: 310 | AW13: 310 | AX13: 310
A15: PLTGU PRIOK #1 | C15: 150.38 | D15: 149.21 | E15: 149.21 | F15: 149.21 | G15: 149.21 | H15: 149.21 | I15: 149.21 | J15: 149.21 | K15: 149.21 | L15: 149.21 | M15: 145.43 | N15: 178.05 | O15: 204.4 | P15: 547.5 | Q15: 547.5 | R15: 547.5 | S15: 547.5 | T15: 354.78 | U15: 354.78 | V15: 354.78 | W15: 354.78 | X15: 354.78 | Y15: 354.78 | Z15: 354.78 | AA15: 354.78 | AB15: 374.4 | AC15: 381.06 | AD15: 381.06 | AE15: 381.06 | AF15: 381.06 | AG15: 381.06 | AH15: 354.78 | AI15: 354.78 | AJ15: 354.78 | AK15: 354.78 | AL15: 441.02 | AM15: 386.9 | AN15: 354.78 | AO15: 354.78 | AP15: 354.78 | AQ15: 354.78 | AR15: 354.78 | AS15: 354.78 | AT15: 354.78 | AU15: 252.58 | AV15: 252.58 | AW15: 252.52 | AX15: 204.4
A16: PLTGU PRIOK #2 | C16: 122.2 | D16: 111.09 | E16: 111.09 | F16: 111.09 | G16: 111.09 | H16: 111.09 | I16: 111.09 | J16: 111.09 | K16: 111.09 | L16: 111.09 | M16: 111.09 | N16: 111.09 | O16: 126.72 | P16: 157.97 | Q16: 204.4 | R16: 204.4 | S16: 204.4 | T16: 252.58 | U16: 252.58 | V16: 252.58 | W16: 252.58 | X16: 252.58 | Y16: 252.58 | Z16: 252.58 | AA16: 252.58 | AB16: 252.58 | AC16: 278.86 | AD16: 278.86 | AE16: 278.86 | AF16: 278.86 | AG16: 278.86 | AH16: 252.58 | AI16: 252.58 | AJ16: 252.58 | AK16: 252.58 | AL16: 287.15 | AM16: 284.7 | AN16: 252.58 | AO16: 252.58 | AP16: 252.58 | AQ16: 252.58 | AR16: 252.58 | AS16: 252.58 | AT16: 252.58 | AU16: 252.58 | AV16: 230.62 | AW16: 248.29 | AX16: 247.31
A17: PLTGU PRIOK #3 | C17: 539.23 | D17: 539.23 | E17: 539.23 | F17: 539.23 | G17: 539.23 | H17: 539.23 | I17: 539.23 | J17: 539.23 | K17: 528.47 | L17: 539.23 | M17: 539.23 | N17: 522.87 | O17: 526.17 | P17: 444.26 | Q17: 539.23 | R17: 539.23 | S17: 539.23 | T17: 692.52 | U17: 719.1 | V17: 665.66 | W17: 695.95 | X17: 715.63 | Y17: 703.91 | Z17: 692.52 | AA17: 674.52 | AB17: 710.9 | AC17: 720 | AD17: 720 | AE17: 720 | AF17: 720 | AG17: 720 | AH17: 716.68 | AI17: 683.55 | AJ17: 650.98 | AK17: 615.19 | AL17: 720 | AM17: 720 | AN17: 626.55 | AO17: 626.55 | AP17: 626.55 | AQ17: 626.55 | AR17: 611.8 | AS17: 713.87 | AT17: 573.2 | AU17: 629.8 | AV17: 539.23 | AW17: 539.23 | AX17: 539.23
A18: PLTGU PRIOK #4 | C18: 0 | D18: 0 | E18: 0 | F18: 0 | G18: 0 | H18: 0 | I18: 0 | J18: 0 | K18: 0 | L18: 0 | M18: 0 | N18: 0 | O18: 0 | P18: 0 | Q18: 0 | R18: 0 | S18: 0 | T18: 0 | U18: 53.74 | V18: 150 | W18: 150 | X18: 150 | Y18: 150 | Z18: 150 | AA18: 150 | AB18: 150 | AC18: 163.78 | AD18: 171.1 | AE18: 177.99 | AF18: 178.82 | AG18: 167.59 | AH18: 150 | AI18: 150 | AJ18: 150 | AK18: 150 | AL18: 283.25 | AM18: 221 | AN18: 150 | AO18: 150 | AP18: 150 | AQ18: 75 | AR18: 25 | AS18: 0 | AT18: 0 | AU18: 0 | AV18: 0 | AW18: 0 | AX18: 0
A20: PLTP SALAK #1 | B20: 56.5 | C20: 56.5 | D20: 56.5 | E20: 56.5 | F20: 56.5 | G20: 56.5 | H20: 56.5 | I20: 56.5 | J20: 56.5 | K20: 56.5 | L20: 56.5 | M20: 56.5 | N20: 56.5 | O20: 56.5 | P20: 56.5 | Q20: 46.5 | R20: 46.5 | S20: 56.5 | T20: 56.5 | U20: 56.5 | V20: 56.5 | W20: 56.5 | X20: 56.5 | Y20: 56.5 | Z20: 56.5 | AA20: 56.5 | AB20: 56.5 | AC20: 56.5 | AD20: 56.5 | AE20: 56.5 | AF20: 56.5 | AG20: 56.5 | AH20: 56.5 | AI20: 56.5 | AJ20: 56.5 | AK20: 56.5 | AL20: 56.5 | AM20: 56.5 | AN20: 56.5 | AO20: 56.5 | AP20: 56.5 | AQ20: 56.5 | AR20: 56.5 | AS20: 56.5 | AT20: 56.5 | AU20: 56.5 | AV20: 56.5 | AW20: 56.5 | AX20: 56.5
A21: PLTP SALAK #2 | B21: 56.5 | C21: 56.5 | D21: 56.5 | E21: 56.5 | F21: 56.5 | G21: 56.5 | H21: 56.5 | I21: 56.5 | J21: 56.5 | K21: 56.5 | L21: 56.5 | M21: 56.5 | N21: 56.5 | O21: 56.5 | P21: 56.5 | Q21: 46.5 | R21: 46.5 | S21: 56.5 | T21: 56.5 | U21: 56.5 | V21: 56.5 | W21: 56.5 | X21: 56.5 | Y21: 56.5 | Z21: 56.5 | AA21: 56.5 | AB21: 56.5 | AC21: 56.5 | AD21: 56.5 | AE21: 56.5 | AF21: 56.5 | AG21: 56.5 | AH21: 56.5 | AI21: 56.5 | AJ21: 56.5 | AK21: 56.5 | AL21: 56.5 | AM21: 56.5 | AN21: 56.5 | AO21: 56.5 | AP21: 56.5 | AQ21: 56.5 | AR21: 56.5 | AS21: 56.5 | AT21: 56.5 | AU21: 56.5 | AV21: 56.5 | AW21: 56.5 | AX21: 56.5
A22: PLTP SALAK #3 | B22: 57 | C22: 57 | D22: 57 | E22: 57 | F22: 57 | G22: 57 | H22: 57 | I22: 57 | J22: 57 | K22: 57 | L22: 57 | M22: 57 | N22: 57 | O22: 57 | P22: 57 | Q22: 47 | R22: 47 | S22: 57 | T22: 57 | U22: 57 | V22: 57 | W22: 57 | X22: 57 | Y22: 57 | Z22: 57 | AA22: 57 | AB22: 57 | AC22: 57 | AD22: 57 | AE22: 57 | AF22: 57 | AG22: 57 | AH22: 57 | AI22: 57 | AJ22: 57 | AK22: 57 | AL22: 57 | AM22: 57 | AN22: 57 | AO22: 57 | AP22: 57 | AQ22: 57 | AR22: 57 | AS22: 57 | AT22: 57 | AU22: 57 | AV22: 57 | AW22: 57 | AX22: 57
A24: PLTD SNYAN #1 | B24: 17.02 | C24: 0 | D24: 0 | E24: 0 | F24: 0 | G24: 0 | H24: 0 | I24: 0 | J24: 0 | K24: 0 | L24: 0 | M24: 0 | N24: 0 | O24: 0 | P24: 0 | Q24: 0 | R24: 0 | S24: 0 | T24: 0 | U24: 0 | V24: 0 | W24: 0 | X24: 0 | Y24: 0 | Z24: 0 | AA24: 0 | AB24: 0 | AC24: 0 | AD24: 0 | AE24: 0 | AF24: 0 | AG24: 0 | AH24: 0 | AI24: 0 | AJ24: 0 | AK24: 0 | AL24: 0 | AM24: 0 | AN24: 0 | AO24: 0 | AP24: 0 | AQ24: 0 | AR24: 0 | AS24: 0 | AT24: 0 | AU24: 0 | AV24: 0 | AW24: 0 | AX24: 0
A25: PLTD SNYAN #2 | B25: 17.02 | C25: 0 | D25: 0 | E25: 0 | F25: 0 | G25: 0 | H25: 0 | I25: 0 | J25: 0 | K25: 0 | L25: 0 | M25: 0 | N25: 0 | O25: 0 | P25: 0 | Q25: 0 | R25: 0 | S25: 0 | T25: 0 | U25: 0 | V25: 0 | W25: 0 | X25: 0 | Y25: 0 | Z25: 0 | AA25: 0 | AB25: 0 | AC25: 0 | AD25: 0 | AE25: 0 | AF25: 0 | AG25: 0 | AH25: 0 | AI25: 0 | AJ25: 0 | AK25: 0 | AL25: 0 | AM25: 0 | AN25: 0 | AO25: 0 | AP25: 0 | AQ25: 0 | AR25: 0 | AS25: 0 | AT25: 0 | AU25: 0 | AV25: 0 | AW25: 0 | AX25: 0
A26: PLTD SNYAN #3 | B26: 17.02 | C26: 0 | D26: 0 | E26: 0 | F26: 0 | G26: 0 | H26: 0 | I26: 0 | J26: 0 | K26: 0 | L26: 0 | M26: 0 | N26: 0 | O26: 0 | P26: 0 | Q26: 0 | R26: 0 | S26: 0 | T26: 0 | U26: 0 | V26: 0 | W26: 0 | X26: 0 | Y26: 0 | Z26: 0 | AA26: 0 | AB26: 0 | AC26: 0 | AD26: 0 | AE26: 0 | AF26: 0 | AG26: 0 | AH26: 0 | AI26: 0 | AJ26: 0 | AK26: 0 | AL26: 0 | AM26: 0 | AN26: 0 | AO26: 0 | AP26: 0 | AQ26: 0 | AR26: 0 | AS26: 0 | AT26: 0 | AU26: 0 | AV26: 0 | AW26: 0 | AX26: 0
A27: PLTD SNYAN #4 | B27: 17.02 | C27: 0 | D27: 0 | E27: 0 | F27: 0 | G27: 0 | H27: 0 | I27: 0 | J27: 0 | K27: 0 | L27: 0 | M27: 0 | N27: 0 | O27: 0 | P27: 0 | Q27: 0 | R27: 0 | S27: 0 | T27: 0 | U27: 0 | V27: 0 | W27: 0 | X27: 0 | Y27: 0 | Z27: 0 | AA27: 0 | AB27: 0 | AC27: 0 | AD27: 0 | AE27: 0 | AF27: 0 | AG27: 0 | AH27: 0 | AI27: 0 | AJ27: 0 | AK27: 0 | AL27: 0 | AM27: 0 | AN27: 0 | AO27: 0 | AP27: 0 | AQ27: 0 | AR27: 0 | AS27: 0 | AT27: 0 | AU27: 0 | AV27: 0 | AW27: 0 | AX27: 0
A28: PLTD SNYAN #5 | B28: 17.02 | C28: 0 | D28: 0 | E28: 0 | F28: 0 | G28: 0 | H28: 0 | I28: 0 | J28: 0 | K28: 0 | L28: 0 | M28: 0 | N28: 0 | O28: 0 | P28: 0 | Q28: 0 | R28: 0 | S28: 0 | T28: 0 | U28: 0 | V28: 0 | W28: 0 | X28: 0 | Y28: 0 | Z28: 0 | AA28: 0 | AB28: 0 | AC28: 0 | AD28: 0 | AE28: 0 | AF28: 0 | AG28: 0 | AH28: 0 | AI28: 0 | AJ28: 0 | AK28: 0 | AL28: 0 | AM28: 0 | AN28: 0 | AO28: 0 | AP28: 0 | AQ28: 0 | AR28: 0 | AS28: 0 | AT28: 0 | AU28: 0 | AV28: 0 | AW28: 0 | AX28: 0
A29: PLTD SNYAN #6 | B29: 17.02 | C29: 0 | D29: 0 | E29: 0 | F29: 0 | G29: 0 | H29: 0 | I29: 0 | J29: 0 | K29: 0 | L29: 0 | M29: 0 | N29: 0 | O29: 0 | P29: 0 | Q29: 0 | R29: 0 | S29: 0 | T29: 0 | U29: 0 | V29: 0 | W29: 0 | X29: 0 | Y29: 0 | Z29: 0 | AA29: 0 | AB29: 0 | AC29: 0 | AD29: 0 | AE29: 0 | AF29: 0 | AG29: 0 | AH29: 0 | AI29: 0 | AJ29: 0 | AK29: 0 | AL29: 0 | AM29: 0 | AN29: 0 | AO29: 0 | AP29: 0 | AQ29: 0 | AR29: 0 | AS29: 0 | AT29: 0 | AU29: 0 | AV29: 0 | AW29: 0 | AX29: 0
A31: PLTGU CLGN #1 | C31: 140.09 | D31: 140.09 | E31: 140.09 | F31: 140.09 | G31: 140.09 | H31: 140.09 | I31: 140.09 | J31: 140.09 | K31: 140.09 | L31: 140.09 | M31: 140.09 | N31: 140.09 | O31: 140.09 | P31: 140.09 | Q31: 140.09 | R31: 140.09 | S31: 140.09 | T31: 233.49 | U31: 233.49 | V31: 233.49 | W31: 233.49 | X31: 233.49 | Y31: 233.49 | Z31: 233.49 | AA31: 233.49 | AB31: 233.49 | AC31: 233.49 | AD31: 233.49 | AE31: 233.49 | AF31: 233.49 | AG31: 233.49 | AH31: 233.49 | AI31: 233.49 | AJ31: 233.49 | AK31: 233.49 | AL31: 233.49 | AM31: 233.49 | AN31: 233.49 | AO31: 233.49 | AP31: 233.49 | AQ31: 233.49 | AR31: 140.09 | AS31: 140.09 | AT31: 140.09 | AU31: 140.09 | AV31: 140.09 | AW31: 140.09 | AX31: 140.09
A33: PLTU LABUAN #1 | B33: 280 | C33: 250 | D33: 250 | E33: 250 | F33: 250 | G33: 250 | H33: 250 | I33: 250 | J33: 250 | K33: 250 | L33: 250 | M33: 250 | N33: 250 | O33: 250 | P33: 250 | Q33: 250 | R33: 250 | S33: 265 | T33: 265 | U33: 265 | V33: 265 | W33: 265 | X33: 265 | Y33: 265 | Z33: 265 | AA33: 265 | AB33: 265 | AC33: 265 | AD33: 265 | AE33: 265 | AF33: 265 | AG33: 265 | AH33: 265 | AI33: 265 | AJ33: 265 | AK33: 265 | AL33: 265 | AM33: 265 | AN33: 265 | AO33: 265 | AP33: 265 | AQ33: 265 | AR33: 265 | AS33: 265 | AT33: 265 | AU33: 250 | AV33: 250 | AW33: 250 | AX33: 250
A34: PLTU LABUAN #2 | B34: 280 | C34: 250 | D34: 250 | E34: 250 | F34: 250 | G34: 250 | H34: 250 | I34: 250 | J34: 250 | K34: 250 | L34: 250 | M34: 250 | N34: 250 | O34: 250 | P34: 250 | Q34: 250 | R34: 250 | S34: 270 | T34: 270 | U34: 270 | V34: 270 | W34: 270 | X34: 270 | Y34: 270 | Z34: 270 | AA34: 270 | AB34: 270 | AC34: 270 | AD34: 270 | AE34: 270 | AF34: 270 | AG34: 270 | AH34: 270 | AI34: 270 | AJ34: 270 | AK34: 270 | AL34: 270 | AM34: 270 | AN34: 270 | AO34: 270 | AP34: 270 | AQ34: 270 | AR34: 270 | AS34: 270 | AT34: 270 | AU34: 250 | AV34: 250 | AW34: 250 | AX34: 250
A36: PLTU SRLYA #8 | B36: 540 | C36: 405 | D36: 405 | E36: 405 | F36: 405 | G36: 405 | H36: 405 | I36: 405 | J36: 405 | K36: 405 | L36: 405 | M36: 405 | N36: 405 | O36: 405 | P36: 405 | Q36: 405 | R36: 405 | S36: 405 | T36: 405 | U36: 405 | V36: 405 | W36: 405 | X36: 405 | Y36: 405 | Z36: 405 | AA36: 405 | AB36: 405 | AC36: 405 | AD36: 405 | AE36: 405 | AF36: 405 | AG36: 405 | AH36: 405 | AI36: 405 | AJ36: 405 | AK36: 405 | AL36: 405 | AM36: 405 | AN36: 405 | AO36: 405 | AP36: 405 | AQ36: 405 | AR36: 405 | AS36: 405 | AT36: 405 | AU36: 405 | AV36: 405 | AW36: 405 | AX36: 405
A38: PLTU PRATU #1 | B38: 323 | C38: 260 | D38: 260 | E38: 260 | F38: 260 | G38: 260 | H38: 260 | I38: 260 | J38: 260 | K38: 260 | L38: 260 | M38: 260 | N38: 260 | O38: 260 | P38: 260 | Q38: 260 | R38: 260 | S38: 260 | T38: 265 | U38: 265 | V38: 265 | W38: 265 | X38: 265 | Y38: 265 | Z38: 265 | AA38: 265 | AB38: 265 | AC38: 265 | AD38: 265 | AE38: 265 | AF38: 265 | AG38: 265 | AH38: 265 | AI38: 265 | AJ38: 265 | AK38: 265 | AL38: 265 | AM38: 265 | AN38: 265 | AO38: 265 | AP38: 265 | AQ38: 265 | AR38: 265 | AS38: 265 | AT38: 265 | AU38: 265 | AV38: 265 | AW38: 265 | AX38: 265
A39: PLTU PRATU #2 | B39: 323 | C39: 260 | D39: 260 | E39: 260 | F39: 260 | G39: 260 | H39: 260 | I39: 260 | J39: 260 | K39: 260 | L39: 260 | M39: 260 | N39: 260 | O39: 260 | P39: 260 | Q39: 260 | R39: 260 | S39: 260 | T39: 265 | U39: 265 | V39: 265 | W39: 265 | X39: 265 | Y39: 265 | Z39: 265 | AA39: 265 | AB39: 265 | AC39: 265 | AD39: 265 | AE39: 265 | AF39: 265 | AG39: 265 | AH39: 265 | AI39: 265 | AJ39: 265 | AK39: 265 | AL39: 265 | AM39: 265 | AN39: 265 | AO39: 265 | AP39: 265 | AQ39: 265 | AR39: 265 | AS39: 265 | AT39: 265 | AU39: 265 | AV39: 265 | AW39: 265 | AX39: 265
A40: PLTU PRATU #3 | B40: 323 | C40: 260 | D40: 260 | E40: 260 | F40: 260 | G40: 260 | H40: 260 | I40: 260 | J40: 260 | K40: 260 | L40: 260 | M40: 260 | N40: 260 | O40: 260 | P40: 260 | Q40: 260 | R40: 260 | S40: 260 | T40: 265 | U40: 265 | V40: 265 | W40: 265 | X40: 265 | Y40: 265 | Z40: 265 | AA40: 265 | AB40: 265 | AC40: 265 | AD40: 265 | AE40: 265 | AF40: 265 | AG40: 265 | AH40: 265 | AI40: 265 | AJ40: 265 | AK40: 265 | AL40: 265 | AM40: 265 | AN40: 265 | AO40: 265 | AP40: 265 | AQ40: 265 | AR40: 265 | AS40: 265 | AT40: 265 | AU40: 265 | AV40: 265 | AW40: 265 | AX40: 265
A42: PLTU LONTAR #1 | B42: 280 | C42: 0 | D42: 0 | E42: 0 | F42: 0 | G42: 0 | H42: 0 | I42: 0 | J42: 0 | K42: 0 | L42: 0 | M42: 0 | N42: 0 | O42: 0 | P42: 0 | Q42: 0 | R42: 0 | S42: 0 | T42: 0 | U42: 0 | V42: 0 | W42: 0 | X42: 0 | Y42: 0 | Z42: 0 | AA42: 0 | AB42: 0 | AC42: 0 | AD42: 0 | AE42: 0 | AF42: 0 | AG42: 0 | AH42: 0 | AI42: 0 | AJ42: 0 | AK42: 0 | AL42: 0 | AM42: 0 | AN42: 0 | AO42: 0 | AP42: 0 | AQ42: 0 | AR42: 0 | AS42: 0 | AT42: 0 | AU42: 0 | AV42: 0 | AW42: 0 | AX42: 0
A43: PLTU LONTAR #2 | B43: 280 | C43: 250 | D43: 250 | E43: 250 | F43: 250 | G43: 250 | H43: 250 | I43: 250 | J43: 250 | K43: 250 | L43: 250 | M43: 250 | N43: 260 | O43: 260 | P43: 270 | Q43: 270 | R43: 270 | S43: 270 | T43: 270 | U43: 270 | V43: 270 | W43: 270 | X43: 270 | Y43: 270 | Z43: 270 | AA43: 270 | AB43: 270 | AC43: 270 | AD43: 270 | AE43: 270 | AF43: 270 | AG43: 270 | AH43: 270 | AI43: 270 | AJ43: 270 | AK43: 270 | AL43: 270 | AM43: 270 | AN43: 270 | AO43: 270 | AP43: 270 | AQ43: 270 | AR43: 275 | AS43: 275 | AT43: 250 | AU43: 250 | AV43: 250 | AW43: 250 | AX43: 250
A44: PLTU LONTAR #3 | B44: 280 | C44: 250 | D44: 250 | E44: 250 | F44: 250 | G44: 250 | H44: 250 | I44: 250 | J44: 250 | K44: 250 | L44: 250 | M44: 250 | N44: 260 | O44: 260 | P44: 270 | Q44: 270 | R44: 270 | S44: 270 | T44: 270 | U44: 270 | V44: 270 | W44: 270 | X44: 270 | Y44: 270 | Z44: 270 | AA44: 270 | AB44: 270 | AC44: 270 | AD44: 270 | AE44: 270 | AF44: 270 | AG44: 270 | AH44: 270 | AI44: 270 | AJ44: 270 | AK44: 270 | AL44: 270 | AM44: 270 | AN44: 270 | AO44: 270 | AP44: 270 | AQ44: 270 | AR44: 275 | AS44: 275 | AT44: 250 | AU44: 250 | AV44: 250 | AW44: 250 | AX44: 250
A45: PLTU LONTAR #4 | B45: 293 | C45: 200 | D45: 200 | E45: 200 | F45: 200 | G45: 200 | H45: 200 | I45: 200 | J45: 200 | K45: 200 | L45: 200 | M45: 200 | N45: 200 | O45: 200 | P45: 200 | Q45: 200 | R45: 220 | S45: 220 | T45: 220 | U45: 220 | V45: 220 | W45: 220 | X45: 220 | Y45: 220 | Z45: 220 | AA45: 220 | AB45: 220 | AC45: 220 | AD45: 220 | AE45: 220 | AF45: 220 | AG45: 220 | AH45: 220 | AI45: 220 | AJ45: 220 | AK45: 220 | AL45: 220 | AM45: 220 | AN45: 220 | AO45: 220 | AP45: 220 | AQ45: 220 | AR45: 200 | AS45: 200 | AT45: 200 | AU45: 200 | AV45: 200 | AW45: 200 | AX45: 200
A47: PLTU SRLYA #3 | B47: 371.5 | C47: 180 | D47: 180 | E47: 180 | F47: 180 | G47: 180 | H47: 180 | I47: 180 | J47: 180 | K47: 180 | L47: 180 | M47: 180 | N47: 180 | O47: 180 | P47: 180 | Q47: 180 | R47: 180 | S47: 180 | T47: 180 | U47: 180 | V47: 180 | W47: 180 | X47: 180 | Y47: 180 | Z47: 180 | AA47: 180 | AB47: 180 | AC47: 180 | AD47: 180 | AE47: 180 | AF47: 180 | AG47: 180 | AH47: 180 | AI47: 180 | AJ47: 180 | AK47: 180 | AL47: 180 | AM47: 180 | AN47: 180 | AO47: 180 | AP47: 180 | AQ47: 180 | AR47: 180 | AS47: 180 | AT47: 180 | AU47: 180 | AV47: 180 | AW47: 180 | AX47: 180
C48: PT. PEMBANGKITAN JAWA-BALI | D48: PT. PEMBANGKITAN JAWA-BALI | E48: PT. PEMBANGKITAN JAWA-BALI | F48: PT. PEMBANGKITAN JAWA-BALI | G48: PT. PEMBANGKITAN JAWA-BALI | H48: PT. PEMBANGKITAN JAWA-BALI | I48: PT. PEMBANGKITAN JAWA-BALI | J48: PT. PEMBANGKITAN JAWA-BALI | K48: PT. PEMBANGKITAN JAWA-BALI | L48: PT. PEMBANGKITAN JAWA-BALI | M48: PT. PEMBANGKITAN JAWA-BALI | N48: PT. PEMBANGKITAN JAWA-BALI | O48: PT. PEMBANGKITAN JAWA-BALI | P48: PT. PEMBANGKITAN JAWA-BALI | Q48: PT. PEMBANGKITAN JAWA-BALI | R48: PT. PEMBANGKITAN JAWA-BALI | S48: PT. PEMBANGKITAN JAWA-BALI | T48: PT. PEMBANGKITAN JAWA-BALI | U48: PT. PEMBANGKITAN JAWA-BALI | V48: PT. PEMBANGKITAN JAWA-BALI | W48: PT. PEMBANGKITAN JAWA-BALI | X48: PT. PEMBANGKITAN JAWA-BALI | Y48: PT. PEMBANGKITAN JAWA-BALI | Z48: PT. PEMBANGKITAN JAWA-BALI | AA48: PT. PEMBANGKITAN JAWA-BALI | AB48: PT. PEMBANGKITAN JAWA-BALI | AC48: PT. PEMBANGKITAN JAWA-BALI | AD48: PT. PEMBANGKITAN JAWA-BALI | AE48: PT. PEMBANGKITAN JAWA-BALI | AF48: PT. PEMBANGKITAN JAWA-BALI | AG48: PT. PEMBANGKITAN JAWA-BALI | AH48: PT. PEMBANGKITAN JAWA-BALI | AI48: PT. PEMBANGKITAN JAWA-BALI | AJ48: PT. PEMBANGKITAN JAWA-BALI | AK48: PT. PEMBANGKITAN JAWA-BALI | AL48: PT. PEMBANGKITAN JAWA-BALI | AM48: PT. PEMBANGKITAN JAWA-BALI | AN48: PT. PEMBANGKITAN JAWA-BALI | AO48: PT. PEMBANGKITAN JAWA-BALI | AP48: PT. PEMBANGKITAN JAWA-BALI | AQ48: PT. PEMBANGKITAN JAWA-BALI | AR48: PT. PEMBANGKITAN JAWA-BALI | AS48: PT. PEMBANGKITAN JAWA-BALI | AT48: PT. PEMBANGKITAN JAWA-BALI | AU48: PT. PEMBANGKITAN JAWA-BALI | AV48: PT. PEMBANGKITAN JAWA-BALI | AW48: PT. PEMBANGKITAN JAWA-BALI | AX48: PT. PEMBANGKITAN JAWA-BALI
A50: PLTU MKRNG #4 | B50: 162 | C50: 90 | D50: 90 | E50: 90 | F50: 90 | G50: 90 | H50: 90 | I50: 90 | J50: 90 | K50: 90 | L50: 90 | M50: 90 | N50: 90 | O50: 90 | P50: 90 | Q50: 90 | R50: 90 | S50: 90 | T50: 90 | U50: 90 | V50: 90 | W50: 90 | X50: 90 | Y50: 90 | Z50: 90 | AA50: 90 | AB50: 90 | AC50: 90 | AD50: 90 | AE50: 90 | AF50: 90 | AG50: 90 | AH50: 90 | AI50: 90 | AJ50: 90 | AK50: 90 | AL50: 90 | AM50: 90 | AN50: 90 | AO50: 90 | AP50: 90 | AQ50: 90 | AR50: 90 | AS50: 90 | AT50: 90 | AU50: 90 | AV50: 90 | AW50: 90 | AX50: 90
A51: PLTU MKRNG #5 | B51: 162 | C51: 0 | D51: 0 | E51: 0 | F51: 0 | G51: 0 | H51: 0 | I51: 0 | J51: 0 | K51: 0 | L51: 0 | M51: 0 | N51: 0 | O51: 0 | P51: 0 | Q51: 0 | R51: 0 | S51: 0 | T51: 0 | U51: 0 | V51: 0 | W51: 0 | X51: 0 | Y51: 0 | Z51: 0 | AA51: 0 | AB51: 0 | AC51: 0 | AD51: 0 | AE51: 0 | AF51: 0 | AG51: 0 | AH51: 0 | AI51: 0 | AJ51: 0 | AK51: 0 | AL51: 0 | AM51: 0 | AN51: 0 | AO51: 0 | AP51: 0 | AQ51: 0 | AR51: 0 | AS51: 0 | AT51: 0 | AU51: 0 | AV51: 0 | AW51: 0 | AX51: 0
A53: PLTGU MKRNG #1 | C53: 122.28 | D53: 122.28 | E53: 122.28 | F53: 122.28 | G53: 122.28 | H53: 122.28 | I53: 122.28 | J53: 122.28 | K53: 122.28 | L53: 122.28 | M53: 122.28 | N53: 122.28 | O53: 122.28 | P53: 122.28 | Q53: 151.25 | R53: 187.57 | S53: 187.57 | T53: 245.04 | U53: 281.36 | V53: 281.36 | W53: 281.36 | X53: 281.36 | Y53: 281.36 | Z53: 281.36 | AA53: 281.36 | AB53: 281.36 | AC53: 281.36 | AD53: 281.36 | AE53: 281.36 | AF53: 281.36 | AG53: 281.36 | AH53: 281.36 | AI53: 281.36 | AJ53: 281.36 | AK53: 281.36 | AL53: 331.86 | AM53: 306.52 | AN53: 281.36 | AO53: 281.36 | AP53: 270.72 | AQ53: 187.57 | AR53: 176.94 | AS53: 122.28 | AT53: 122.28 | AU53: 122.28 | AV53: 122.28 | AW53: 122.28 | AX53: 122.28
A54: PLTGU MKRNG #2 | C54: 180.85 | D54: 180.85 | E54: 180.85 | F54: 180.85 | G54: 210 | H54: 210 | I54: 210 | J54: 210 | K54: 210 | L54: 210 | M54: 210 | N54: 210 | O54: 180.85 | P54: 180.85 | Q54: 210 | R54: 180.85 | S54: 180.85 | T54: 180.85 | U54: 180.85 | V54: 183.18 | W54: 202.57 | X54: 227.05 | Y54: 220.1 | Z54: 185.52 | AA54: 180.85 | AB54: 201.89 | AC54: 255.49 | AD54: 273.91 | AE54: 328.29 | AF54: 328.29 | AG54: 335.98 | AH54: 251.74 | AI54: 180.85 | AJ54: 180.85 | AK54: 251.74 | AL54: 340 | AM54: 340 | AN54: 251.74 | AO54: 251.74 | AP54: 251.74 | AQ54: 251.74 | AR54: 251.74 | AS54: 251.74 | AT54: 251.74 | AU54: 251.74 | AV54: 234.69 | AW54: 211.35 | AX54: 250.54
A55: PLTGU MKRNG #3 .0 | B55: 165 | C55: 82.5 | D55: 82.5 | E55: 82.5 | F55: 82.5 | G55: 82.5 | H55: 82.5 | I55: 82.5 | J55: 82.5 | K55: 82.5 | L55: 82.5 | M55: 82.5 | N55: 82.5 | O55: 82.5 | P55: 82.5 | Q55: 90.24 | R55: 121.36 | S55: 165 | T55: 165 | U55: 165 | V55: 165 | W55: 165 | X55: 165 | Y55: 165 | Z55: 165 | AA55: 165 | AB55: 165 | AC55: 165 | AD55: 165 | AE55: 165 | AF55: 165 | AG55: 165 | AH55: 165 | AI55: 165 | AJ55: 165 | AK55: 165 | AL55: 165 | AM55: 165 | AN55: 165 | AO55: 165 | AP55: 165 | AQ55: 165 | AR55: 165 | AS55: 165 | AT55: 165 | AU55: 165 | AV55: 165 | AW55: 82.5 | AX55: 165
A56: PLTGU MKRNG #3 .1 | B56: 330 | C56: 165 | D56: 165 | E56: 165 | F56: 165 | G56: 165 | H56: 165 | I56: 165 | J56: 165 | K56: 165 | L56: 165 | M56: 165 | N56: 165 | O56: 165 | P56: 165 | Q56: 180.47 | R56: 242.72 | S56: 330 | T56: 330 | U56: 330 | V56: 330 | W56: 330 | X56: 330 | Y56: 330 | Z56: 330 | AA56: 330 | AB56: 330 | AC56: 330 | AD56: 330 | AE56: 330 | AF56: 330 | AG56: 330 | AH56: 330 | AI56: 330 | AJ56: 330 | AK56: 330 | AL56: 330 | AM56: 330 | AN56: 330 | AO56: 330 | AP56: 330 | AQ56: 330 | AR56: 330 | AS56: 330 | AT56: 330 | AU56: 330 | AV56: 330 | AW56: 165 | AX56: 330
C57: IPP | D57: IPP | E57: IPP | F57: IPP | G57: IPP | H57: IPP | I57: IPP | J57: IPP | K57: IPP | L57: IPP | M57: IPP | N57: IPP | O57: IPP | P57: IPP | Q57: IPP | R57: IPP | S57: IPP | T57: IPP | U57: IPP | V57: IPP | W57: IPP | X57: IPP | Y57: IPP | Z57: IPP | AA57: IPP | AB57: IPP | AC57: IPP | AD57: IPP | AE57: IPP | AF57: IPP | AG57: IPP | AH57: IPP | AI57: IPP | AJ57: IPP | AK57: IPP | AL57: IPP | AM57: IPP | AN57: IPP | AO57: IPP | AP57: IPP | AQ57: IPP | AR57: IPP | AS57: IPP | AT57: IPP | AU57: IPP | AV57: IPP | AW57: IPP | AX57: IPP
A59: PLTP SALAK | C59: 188.19 | D59: 188.19 | E59: 188.19 | F59: 188.19 | G59: 188.19 | H59: 188.19 | I59: 188.19 | J59: 188.19 | K59: 188.19 | L59: 188.19 | M59: 188.19 | N59: 188.19 | O59: 188.19 | P59: 188.19 | Q59: 188.19 | R59: 188.19 | S59: 188.19 | T59: 188.19 | U59: 188.19 | V59: 188.19 | W59: 188.19 | X59: 188.19 | Y59: 188.19 | Z59: 188.19 | AA59: 188.19 | AB59: 188.19 | AC59: 188.19 | AD59: 188.19 | AE59: 188.19 | AF59: 188.19 | AG59: 188.19 | AH59: 188.19 | AI59: 188.19 | AJ59: 188.19 | AK59: 188.19 | AL59: 208.77 | AM59: 188.19 | AN59: 188.19 | AO59: 188.19 | AP59: 188.19 | AQ59: 188.19 | AR59: 188.19 | AS59: 188.19 | AT59: 188.19 | AU59: 188.19 | AV59: 188.19 | AW59: 188.19 | AX59: 188.19
A61: PLTU KDL
A63: PLTU LBE #1 | B63: 625 | C63: 550 | D63: 530 | E63: 500 | F63: 500 | G63: 500 | H63: 500 | I63: 500 | J63: 500 | K63: 500 | L63: 550 | M63: 603 | N63: 603 | O63: 603 | P63: 603 | Q63: 603 | R63: 603 | S63: 603 | T63: 603 | U63: 603 | V63: 603 | W63: 603 | X63: 603 | Y63: 603 | Z63: 603 | AA63: 600.74 | AB63: 600.74 | AC63: 600.74 | AD63: 600.74 | AE63: 600.74 | AF63: 600.74 | AG63: 600.74 | AH63: 600.74 | AI63: 600.74 | AJ63: 600.74 | AK63: 600.74 | AL63: 600.74 | AM63: 600.74 | AN63: 600.74 | AO63: 600.74 | AP63: 600.74 | AQ63: 600.74 | AR63: 600.74 | AS63: 600.74 | AT63: 600.74 | AU63: 600.74 | AV63: 600.74 | AW63: 600.74 | AX63: 600.74
A65: PLTU JAWA 7 #1 | B65: 991 | C65: 650 | D65: 650 | E65: 650 | F65: 650 | G65: 650 | H65: 650 | I65: 650 | J65: 650 | K65: 800 | L65: 901.6 | M65: 901.6 | N65: 901.6 | O65: 901.6 | P65: 901.6 | Q65: 901.6 | R65: 901.6 | S65: 901.6 | T65: 901.6 | U65: 901.6 | V65: 901.6 | W65: 901.6 | X65: 901.6 | Y65: 901.6 | Z65: 901.6 | AA65: 901.6 | AB65: 901.6 | AC65: 901.6 | AD65: 901.6 | AE65: 901.6 | AF65: 901.6 | AG65: 901.6 | AH65: 901.6 | AI65: 901.6 | AJ65: 901.6 | AK65: 901.6 | AL65: 901.6 | AM65: 901.6 | AN65: 901.6 | AO65: 901.6 | AP65: 901.6 | AQ65: 901.6 | AR65: 901.6 | AS65: 901.6 | AT65: 901.6 | AU65: 901.6 | AV65: 901.6 | AW65: 901.6 | AX65: 901.6
A66: PLTU JAWA 7 #2 | B66: 991 | C66: 0 | D66: 0 | E66: 0 | F66: 0 | G66: 0 | H66: 0 | I66: 0 | J66: 0 | K66: 0 | L66: 0 | M66: 0 | N66: 0 | O66: 0 | P66: 0 | Q66: 0 | R66: 0 | S66: 0 | T66: 0 | U66: 0 | V66: 0 | W66: 0 | X66: 0 | Y66: 0 | Z66: 0 | AA66: 0 | AB66: 0 | AC66: 0 | AD66: 0 | AE66: 0 | AF66: 0 | AG66: 0 | AH66: 0 | AI66: 0 | AJ66: 0 | AK66: 0 | AL66: 0 | AM66: 0 | AN66: 0 | AO66: 0 | AP66: 0 | AQ66: 0 | AR66: 0 | AS66: 0 | AT66: 0 | AU66: 0 | AV66: 0 | AW66: 0 | AX66: 0
A68: PLTU JAWA #09 | B68: 1000 | C68: 980 | D68: 882 | E68: 833 | F68: 833 | G68: 850 | H68: 850 | I68: 850 | J68: 850 | K68: 882 | L68: 931 | M68: 980 | N68: 980 | O68: 980 | P68: 980 | Q68: 980 | R68: 980 | S68: 980 | T68: 980 | U68: 980 | V68: 980 | W68: 980 | X68: 980 | Y68: 980 | Z68: 980 | AA68: 980 | AB68: 980 | AC68: 980 | AD68: 980 | AE68: 980 | AF68: 980 | AG68: 980 | AH68: 980 | AI68: 980 | AJ68: 980 | AK68: 980 | AL68: 980 | AM68: 980 | AN68: 980 | AO68: 980 | AP68: 980 | AQ68: 980 | AR68: 980 | AS68: 980 | AT68: 980 | AU68: 980 | AV68: 980 | AW68: 980 | AX68: 980
A69: PLTU JAWA #10 | B69: 1000 | C69: 980 | D69: 882 | E69: 833 | F69: 833 | G69: 850 | H69: 850 | I69: 850 | J69: 850 | K69: 882 | L69: 931 | M69: 980 | N69: 980 | O69: 980 | P69: 980 | Q69: 980 | R69: 980 | S69: 980 | T69: 980 | U69: 980 | V69: 980 | W69: 980 | X69: 980 | Y69: 980 | Z69: 980 | AA69: 980 | AB69: 980 | AC69: 980 | AD69: 980 | AE69: 980 | AF69: 980 | AG69: 980 | AH69: 980 | AI69: 980 | AJ69: 980 | AK69: 980 | AL69: 980 | AM69: 980 | AN69: 980 | AO69: 980 | AP69: 980 | AQ69: 980 | AR69: 980 | AS69: 980 | AT69: 980 | AU69: 980 | AV69: 980 | AW69: 980 | AX69: 980
A71: PLTP SALAK BINARY | B71: 14.48911 | C71: 13 | D71: 13 | E71: 13 | F71: 13 | G71: 13 | H71: 13 | I71: 13 | J71: 13 | K71: 13 | L71: 13 | M71: 13 | N71: 13 | O71: 13 | P71: 13 | Q71: 13 | R71: 13 | S71: 13 | T71: 13 | U71: 13 | V71: 13 | W71: 13 | X71: 13 | Y71: 13 | Z71: 13 | AA71: 13 | AB71: 13 | AC71: 13 | AD71: 13 | AE71: 13 | AF71: 13 | AG71: 13 | AH71: 13 | AI71: 13 | AJ71: 13 | AK71: 13 | AL71: 13 | AM71: 13 | AN71: 13 | AO71: 13 | AP71: 13 | AQ71: 13 | AR71: 13 | AS71: 13 | AT71: 13 | AU71: 13 | AV71: 13 | AW71: 13 | AX71: 13
A73: Pembangkitan Area | C73: 9612.72 | D73: 9383.44 | E73: 9255.44 | F73: 9255.44 | G73: 9318.59 | H73: 9318.59 | I73: 9318.59 | J73: 9318.59 | K73: 9521.83 | L73: 9782.19 | M73: 9929.41 | N73: 9965.67 | O73: 9982.8 | P73: 10295.24 | Q73: 10487.97 | R73: 10608.51 | S73: 10804.43 | T73: 11528.65 | U73: 11645.29 | V73: 11690.44 | W73: 11744.12 | X73: 11788.28 | Y73: 11769.61 | Z73: 11723.64 | AA73: 11698.71 | AB73: 11775.75 | AC73: 11885.17 | AD73: 11910.91 | AE73: 11972.18 | AF73: 11973.01 | AG73: 11969.47 | AH73: 11811.76 | AI73: 11707.74 | AJ73: 11675.17 | AK73: 11710.27 | AL73: 12228.48 | AM73: 12063.74 | AN73: 11721.63 | AO73: 11721.63 | AP73: 11706.99 | AQ73: 11548.84 | AR73: 11370.06 | AS73: 10842.87 | AT73: 10652.2 | AU73: 10571.6 | AV73: 10442.02 | AW73: 10188.79 | AX73: 10426.38
A74: Beban Area | C74: 9608.71 | D74: 9521.75 | E74: 9361.02 | F74: 9297.09 | G74: 9260.48 | H74: 9155.5 | I74: 9107.01 | J74: 9099.28 | K74: 9214.8 | L74: 9437.12 | M74: 9690.81 | N74: 9721.19 | O74: 9839.25 | P74: 10072.65 | Q74: 10597.14 | R74: 10980.11 | S74: 11566.82 | T74: 11807.98 | U74: 12096.13 | V74: 12224.89 | W74: 12412.45 | X74: 12484.3 | Y74: 12443.81 | Z74: 12229.03 | AA74: 12161.38 | AB74: 12481.66 | AC74: 13019.4 | AD74: 12961.77 | AE74: 12985.36 | AF74: 12985.48 | AG74: 12973.9 | AH74: 12767.49 | AI74: 12637.31 | AJ74: 12440.29 | AK74: 12267.71 | AL74: 12486.36 | AM74: 12450.01 | AN74: 12300.02 | AO74: 12305.57 | AP74: 12190.56 | AQ74: 12108.52 | AR74: 12000.44 | AS74: 11916.61 | AT74: 11740.59 | AU74: 11431.75 | AV74: 11058.44 | AW74: 10968.96 | AX74: 10713.62
A76: RJBR
C77: PT. INDONESIA POWER | D77: PT. INDONESIA POWER | E77: PT. INDONESIA POWER | F77: PT. INDONESIA POWER | G77: PT. INDONESIA POWER | H77: PT. INDONESIA POWER | I77: PT. INDONESIA POWER | J77: PT. INDONESIA POWER | K77: PT. INDONESIA POWER | L77: PT. INDONESIA POWER | M77: PT. INDONESIA POWER | N77: PT. INDONESIA POWER | O77: PT. INDONESIA POWER | P77: PT. INDONESIA POWER | Q77: PT. INDONESIA POWER | R77: PT. INDONESIA POWER | S77: PT. INDONESIA POWER | T77: PT. INDONESIA POWER | U77: PT. INDONESIA POWER | V77: PT. INDONESIA POWER | W77: PT. INDONESIA POWER | X77: PT. INDONESIA POWER | Y77: PT. INDONESIA POWER | Z77: PT. INDONESIA POWER | AA77: PT. INDONESIA POWER | AB77: PT. INDONESIA POWER | AC77: PT. INDONESIA POWER | AD77: PT. INDONESIA POWER | AE77: PT. INDONESIA POWER | AF77: PT. INDONESIA POWER | AG77: PT. INDONESIA POWER | AH77: PT. INDONESIA POWER | AI77: PT. INDONESIA POWER | AJ77: PT. INDONESIA POWER | AK77: PT. INDONESIA POWER | AL77: PT. INDONESIA POWER | AM77: PT. INDONESIA POWER | AN77: PT. INDONESIA POWER | AO77: PT. INDONESIA POWER | AP77: PT. INDONESIA POWER | AQ77: PT. INDONESIA POWER | AR77: PT. INDONESIA POWER | AS77: PT. INDONESIA POWER | AT77: PT. INDONESIA POWER | AU77: PT. INDONESIA POWER | AV77: PT. INDONESIA POWER | AW77: PT. INDONESIA POWER | AX77: PT. INDONESIA POWER
A79: PLTA Region 2 | C79: 17 | D79: 17 | E79: 17 | F79: 17 | G79: 17 | H79: 17 | I79: 17 | J79: 17 | K79: 18 | L79: 18 | M79: 18 | N79: 18 | O79: 19 | P79: 19 | Q79: 19 | R79: 19 | S79: 19 | T79: 19 | U79: 19 | V79: 19 | W79: 19 | X79: 19 | Y79: 19 | Z79: 19 | AA79: 19 | AB79: 19 | AC79: 19 | AD79: 19 | AE79: 21 | AF79: 17 | AG79: 17 | AH79: 14 | AI79: 14 | AJ79: 14 | AK79: 14 | AL79: 14 | AM79: 14 | AN79: 14 | AO79: 14 | AP79: 14 | AQ79: 14 | AR79: 17 | AS79: 17 | AT79: 17 | AU79: 17 | AV79: 17 | AW79: 17 | AX79: 17
A81: PLTA SGLNG #1 | B81: 174.6 | C81: 0 | D81: 0 | E81: 0 | F81: 0 | G81: 0 | H81: 0 | I81: 0 | J81: 0 | K81: 0 | L81: 0 | M81: 0 | N81: 0 | O81: 0 | P81: 0 | Q81: 0 | R81: 0 | S81: 0 | T81: 100 | U81: 100 | V81: 116.15 | W81: 101.88 | X81: 120 | Y81: 140 | Z81: 0 | AA81: 50 | AB81: 110 | AC81: 150 | AD81: 150 | AE81: 150 | AF81: 148 | AG81: 150 | AH81: 150 | AI81: 150 | AJ81: 150 | AK81: 150 | AL81: 150 | AM81: 150 | AN81: 150 | AO81: 150 | AP81: 150 | AQ81: 150 | AR81: 150 | AS81: 150 | AT81: 150 | AU81: 150 | AV81: 150 | AW81: 150 | AX81: 0
A82: PLTA SGLNG #2 | B82: 174.6 | C82: 0 | D82: 0 | E82: 0 | F82: 0 | G82: 0 | H82: 0 | I82: 0 | J82: 0 | K82: 0 | L82: 0 | M82: 0 | N82: 0 | O82: 0 | P82: 0 | Q82: 0 | R82: 0 | S82: 0 | T82: 0 | U82: 100 | V82: 116.15 | W82: 101.88 | X82: 120 | Y82: 140 | Z82: 0 | AA82: 0 | AB82: 110 | AC82: 150 | AD82: 150 | AE82: 150 | AF82: 148 | AG82: 150 | AH82: 150 | AI82: 150 | AJ82: 150 | AK82: 150 | AL82: 150 | AM82: 150 | AN82: 150 | AO82: 150 | AP82: 150 | AQ82: 150 | AR82: 150 | AS82: 150 | AT82: 150 | AU82: 150 | AV82: 150 | AW82: 150 | AX82: 0
A83: PLTA SGLNG #3 | B83: 174.6 | C83: 0 | D83: 0 | E83: 0 | F83: 0 | G83: 0 | H83: 0 | I83: 0 | J83: 0 | K83: 0 | L83: 0 | M83: 0 | N83: 0 | O83: 0 | P83: 0 | Q83: 0 | R83: 0 | S83: 0 | T83: 0 | U83: 0 | V83: 0 | W83: 101.88 | X83: 120 | Y83: 0 | Z83: 0 | AA83: 0 | AB83: 0 | AC83: 150 | AD83: 150 | AE83: 150 | AF83: 148 | AG83: 150 | AH83: 150 | AI83: 150 | AJ83: 150 | AK83: 150 | AL83: 150 | AM83: 150 | AN83: 150 | AO83: 150 | AP83: 150 | AQ83: 150 | AR83: 150 | AS83: 150 | AT83: 150 | AU83: 150 | AV83: 150 | AW83: 150 | AX83: 0
A84: PLTA SGLNG #4 | B84: 174.6 | C84: 0 | D84: 0 | E84: 0 | F84: 0 | G84: 0 | H84: 0 | I84: 0 | J84: 0 | K84: 0 | L84: 0 | M84: 0 | N84: 0 | O84: 0 | P84: 0 | Q84: 0 | R84: 0 | S84: 0 | T84: 0 | U84: 0 | V84: 0 | W84: 0 | X84: 0 | Y84: 0 | Z84: 0 | AA84: 0 | AB84: 0 | AC84: 150 | AD84: 150 | AE84: 150 | AF84: 148 | AG84: 150 | AH84: 150 | AI84: 150 | AJ84: 150 | AK84: 150 | AL84: 150 | AM84: 150 | AN84: 150 | AO84: 150 | AP84: 150 | AQ84: 150 | AR84: 150 | AS84: 150 | AT84: 150 | AU84: 150 | AV84: 0 | AW84: 0 | AX84: 0
A86: PLTP KMJNG #1 | B86: 30 | C86: 0 | D86: 0 | E86: 0 | F86: 0 | G86: 0 | H86: 0 | I86: 0 | J86: 0 | K86: 0 | L86: 0 | M86: 0 | N86: 0 | O86: 0 | P86: 0 | Q86: 0 | R86: 0 | S86: 0 | T86: 0 | U86: 0 | V86: 0 | W86: 0 | X86: 0 | Y86: 0 | Z86: 0 | AA86: 0 | AB86: 0 | AC86: 0 | AD86: 0 | AE86: 0 | AF86: 0 | AG86: 0 | AH86: 0 | AI86: 0 | AJ86: 0 | AK86: 0 | AL86: 0 | AM86: 0 | AN86: 0 | AO86: 0 | AP86: 0 | AQ86: 0 | AR86: 0 | AS86: 0 | AT86: 0 | AU86: 0 | AV86: 0 | AW86: 0 | AX86: 0
A87: PLTP KMJNG #2 | B87: 52.3 | C87: 52.3 | D87: 52.3 | E87: 52.3 | F87: 52.3 | G87: 52.3 | H87: 52.3 | I87: 52.3 | J87: 52.3 | K87: 52.3 | L87: 52.3 | M87: 52.3 | N87: 52.3 | O87: 52.3 | P87: 52.3 | Q87: 52.3 | R87: 52.3 | S87: 52.3 | T87: 52.3 | U87: 52.3 | V87: 52.3 | W87: 52.3 | X87: 52.3 | Y87: 52.3 | Z87: 52.3 | AA87: 52.3 | AB87: 52.3 | AC87: 52.3 | AD87: 52.3 | AE87: 52.3 | AF87: 52.3 | AG87: 52.3 | AH87: 52.3 | AI87: 52.3 | AJ87: 52.3 | AK87: 52.3 | AL87: 52.3 | AM87: 52.3 | AN87: 52.3 | AO87: 52.3 | AP87: 52.3 | AQ87: 52.3 | AR87: 52.3 | AS87: 52.3 | AT87: 52.3 | AU87: 52.3 | AV87: 52.3 | AW87: 52.3 | AX87: 52.3
A88: PLTP KMJNG #3 | B88: 52.3 | C88: 52.3 | D88: 52.3 | E88: 52.3 | F88: 52.3 | G88: 52.3 | H88: 52.3 | I88: 52.3 | J88: 52.3 | K88: 52.3 | L88: 52.3 | M88: 52.3 | N88: 52.3 | O88: 52.3 | P88: 52.3 | Q88: 52.3 | R88: 52.3 | S88: 52.3 | T88: 52.3 | U88: 52.3 | V88: 52.3 | W88: 52.3 | X88: 47.3 | Y88: 47.3 | Z88: 52.3 | AA88: 52.3 | AB88: 52.3 | AC88: 52.3 | AD88: 52.3 | AE88: 52.3 | AF88: 52.3 | AG88: 52.3 | AH88: 52.3 | AI88: 52.3 | AJ88: 52.3 | AK88: 52.3 | AL88: 52.3 | AM88: 52.3 | AN88: 52.3 | AO88: 52.3 | AP88: 52.3 | AQ88: 52.3 | AR88: 52.3 | AS88: 52.3 | AT88: 52.3 | AU88: 52.3 | AV88: 52.3 | AW88: 52.3 | AX88: 52.3
A90: PLTP DRJAT #1 | B90: 52 | C90: 46 | D90: 46 | E90: 46 | F90: 46 | G90: 46 | H90: 46 | I90: 46 | J90: 46 | K90: 46 | L90: 46 | M90: 46 | N90: 46 | O90: 46 | P90: 46 | Q90: 46 | R90: 46 | S90: 46 | T90: 46 | U90: 46 | V90: 46 | W90: 46 | X90: 47 | Y90: 47 | Z90: 46 | AA90: 46 | AB90: 46 | AC90: 46 | AD90: 46 | AE90: 46 | AF90: 46 | AG90: 46 | AH90: 46 | AI90: 46 | AJ90: 46 | AK90: 46 | AL90: 46 | AM90: 46 | AN90: 46 | AO90: 46 | AP90: 46 | AQ90: 46 | AR90: 46 | AS90: 46 | AT90: 46 | AU90: 46 | AV90: 46 | AW90: 46 | AX90: 46
A92: PLTA JATIGEDE #1 | B92: 55 | C92: 45 | D92: 45 | E92: 45 | F92: 45 | G92: 45 | H92: 45 | I92: 45 | J92: 45 | K92: 45 | L92: 45 | M92: 45 | N92: 45 | O92: 45 | P92: 45 | Q92: 45 | R92: 45 | S92: 45 | T92: 45 | U92: 45 | V92: 45 | W92: 45 | X92: 45 | Y92: 45 | Z92: 45 | AA92: 45 | AB92: 45 | AC92: 45 | AD92: 45 | AE92: 45 | AF92: 45 | AG92: 45 | AH92: 52 | AI92: 52 | AJ92: 52 | AK92: 52 | AL92: 52 | AM92: 52 | AN92: 52 | AO92: 52 | AP92: 52 | AQ92: 52 | AR92: 45 | AS92: 45 | AT92: 45 | AU92: 45 | AV92: 45 | AW92: 45 | AX92: 45
A93: PLTA JATIGEDE #2 | B93: 55 | C93: 45 | D93: 45 | E93: 45 | F93: 45 | G93: 45 | H93: 45 | I93: 45 | J93: 45 | K93: 45 | L93: 45 | M93: 45 | N93: 45 | O93: 45 | P93: 45 | Q93: 45 | R93: 45 | S93: 45 | T93: 45 | U93: 45 | V93: 45 | W93: 45 | X93: 45 | Y93: 45 | Z93: 45 | AA93: 45 | AB93: 45 | AC93: 45 | AD93: 45 | AE93: 45 | AF93: 45 | AG93: 45 | AH93: 52 | AI93: 52 | AJ93: 52 | AK93: 52 | AL93: 52 | AM93: 52 | AN93: 52 | AO93: 52 | AP93: 52 | AQ93: 52 | AR93: 45 | AS93: 45 | AT93: 45 | AU93: 45 | AV93: 45 | AW93: 45 | AX93: 45
C94: PT. PEMBANGKITAN JAWA-BALI | D94: PT. PEMBANGKITAN JAWA-BALI | E94: PT. PEMBANGKITAN JAWA-BALI | F94: PT. PEMBANGKITAN JAWA-BALI | G94: PT. PEMBANGKITAN JAWA-BALI | H94: PT. PEMBANGKITAN JAWA-BALI | I94: PT. PEMBANGKITAN JAWA-BALI | J94: PT. PEMBANGKITAN JAWA-BALI | K94: PT. PEMBANGKITAN JAWA-BALI | L94: PT. PEMBANGKITAN JAWA-BALI | M94: PT. PEMBANGKITAN JAWA-BALI | N94: PT. PEMBANGKITAN JAWA-BALI | O94: PT. PEMBANGKITAN JAWA-BALI | P94: PT. PEMBANGKITAN JAWA-BALI | Q94: PT. PEMBANGKITAN JAWA-BALI | R94: PT. PEMBANGKITAN JAWA-BALI | S94: PT. PEMBANGKITAN JAWA-BALI | T94: PT. PEMBANGKITAN JAWA-BALI | U94: PT. PEMBANGKITAN JAWA-BALI | V94: PT. PEMBANGKITAN JAWA-BALI | W94: PT. PEMBANGKITAN JAWA-BALI | X94: PT. PEMBANGKITAN JAWA-BALI | Y94: PT. PEMBANGKITAN JAWA-BALI | Z94: PT. PEMBANGKITAN JAWA-BALI | AA94: PT. PEMBANGKITAN JAWA-BALI | AB94: PT. PEMBANGKITAN JAWA-BALI | AC94: PT. PEMBANGKITAN JAWA-BALI | AD94: PT. PEMBANGKITAN JAWA-BALI | AE94: PT. PEMBANGKITAN JAWA-BALI | AF94: PT. PEMBANGKITAN JAWA-BALI | AG94: PT. PEMBANGKITAN JAWA-BALI | AH94: PT. PEMBANGKITAN JAWA-BALI | AI94: PT. PEMBANGKITAN JAWA-BALI | AJ94: PT. PEMBANGKITAN JAWA-BALI | AK94: PT. PEMBANGKITAN JAWA-BALI | AL94: PT. PEMBANGKITAN JAWA-BALI | AM94: PT. PEMBANGKITAN JAWA-BALI | AN94: PT. PEMBANGKITAN JAWA-BALI | AO94: PT. PEMBANGKITAN JAWA-BALI | AP94: PT. PEMBANGKITAN JAWA-BALI | AQ94: PT. PEMBANGKITAN JAWA-BALI | AR94: PT. PEMBANGKITAN JAWA-BALI | AS94: PT. PEMBANGKITAN JAWA-BALI | AT94: PT. PEMBANGKITAN JAWA-BALI | AU94: PT. PEMBANGKITAN JAWA-BALI | AV94: PT. PEMBANGKITAN JAWA-BALI | AW94: PT. PEMBANGKITAN JAWA-BALI | AX94: PT. PEMBANGKITAN JAWA-BALI
A96: PLTGU MTWAR #1 | C96: 0 | D96: 0 | E96: 0 | F96: 0 | G96: 0 | H96: 0 | I96: 0 | J96: 0 | K96: 0 | L96: 0 | M96: 0 | N96: 0 | O96: 0 | P96: 0 | Q96: 0 | R96: 0 | S96: 0 | T96: 0 | U96: 0 | V96: 0 | W96: 0 | X96: 0 | Y96: 0 | Z96: 0 | AA96: 0 | AB96: 0 | AC96: 0 | AD96: 0 | AE96: 0 | AF96: 0 | AG96: 0 | AH96: 44 | AI96: 88 | AJ96: 88 | AK96: 88 | AL96: 88 | AM96: 88 | AN96: 88 | AO96: 88 | AP96: 88 | AQ96: 88 | AR96: 88 | AS96: 30 | AT96: 0 | AU96: 0 | AV96: 0 | AW96: 0 | AX96: 0
A97: PLTGU MTWAR #2 .0 | B97: 144 | C97: 0 | D97: 0 | E97: 0 | F97: 0 | G97: 0 | H97: 0 | I97: 0 | J97: 0 | K97: 0 | L97: 0 | M97: 0 | N97: 0 | O97: 0 | P97: 0 | Q97: 0 | R97: 0 | S97: 0 | T97: 0 | U97: 0 | V97: 0 | W97: 0 | X97: 0 | Y97: 0 | Z97: 0 | AA97: 0 | AB97: 0 | AC97: 0 | AD97: 0 | AE97: 0 | AF97: 0 | AG97: 0 | AH97: 0 | AI97: 0 | AJ97: 0 | AK97: 0 | AL97: 0 | AM97: 0 | AN97: 0 | AO97: 0 | AP97: 0 | AQ97: 0 | AR97: 0 | AS97: 0 | AT97: 0 | AU97: 0 | AV97: 0 | AW97: 0 | AX97: 0
A98: PLTGU MTWAR #2 .1 | B98: 137 | C98: 0 | D98: 0 | E98: 0 | F98: 0 | G98: 0 | H98: 0 | I98: 0 | J98: 0 | K98: 0 | L98: 0 | M98: 0 | N98: 0 | O98: 0 | P98: 0 | Q98: 0 | R98: 0 | S98: 0 | T98: 0 | U98: 0 | V98: 0 | W98: 0 | X98: 0 | Y98: 0 | Z98: 0 | AA98: 0 | AB98: 0 | AC98: 0 | AD98: 0 | AE98: 0 | AF98: 0 | AG98: 0 | AH98: 0 | AI98: 0 | AJ98: 0 | AK98: 0 | AL98: 0 | AM98: 0 | AN98: 0 | AO98: 0 | AP98: 0 | AQ98: 0 | AR98: 0 | AS98: 0 | AT98: 0 | AU98: 0 | AV98: 0 | AW98: 0 | AX98: 0
A99: PLTGU MTWAR #2 .2 | B99: 137 | C99: 0 | D99: 0 | E99: 0 | F99: 0 | G99: 0 | H99: 0 | I99: 0 | J99: 0 | K99: 0 | L99: 0 | M99: 0 | N99: 0 | O99: 0 | P99: 0 | Q99: 0 | R99: 0 | S99: 0 | T99: 0 | U99: 0 | V99: 0 | W99: 0 | X99: 0 | Y99: 0 | Z99: 0 | AA99: 0 | AB99: 0 | AC99: 0 | AD99: 0 | AE99: 0 | AF99: 0 | AG99: 0 | AH99: 0 | AI99: 0 | AJ99: 0 | AK99: 0 | AL99: 0 | AM99: 0 | AN99: 0 | AO99: 0 | AP99: 0 | AQ99: 0 | AR99: 0 | AS99: 0 | AT99: 0 | AU99: 0 | AV99: 0 | AW99: 0 | AX99: 0
A101: PLTA CRATA #1 | B101: 123 | C101: 0 | D101: 0 | E101: 0 | F101: 0 | G101: 0 | H101: 0 | I101: 0 | J101: 0 | K101: 0 | L101: 0 | M101: 0 | N101: 0 | O101: 0 | P101: 0 | Q101: 0 | R101: 0 | S101: 96.56 | T101: 100 | U101: 100 | V101: 100 | W101: 100 | X101: 100 | Y101: 100 | Z101: 0 | AA101: 0 | AB101: 100 | AC101: 100 | AD101: 100 | AE101: 100 | AF101: 100 | AG101: 100 | AH101: 100 | AI101: 91.42 | AJ101: 113.99 | AK101: 100 | AL101: 100 | AM101: 100 | AN101: 100 | AO101: 100 | AP101: 100 | AQ101: 100 | AR101: 100 | AS101: 100 | AT101: 100 | AU101: 100 | AV101: 96.96 | AW101: 62.51 | AX101: 0
A102: PLTA CRATA #2 | B102: 123 | C102: 0 | D102: 0 | E102: 0 | F102: 0 | G102: 0 | H102: 0 | I102: 0 | J102: 0 | K102: 0 | L102: 0 | M102: 0 | N102: 0 | O102: 0 | P102: 0 | Q102: 0 | R102: 0 | S102: 96.56 | T102: 100 | U102: 100 | V102: 0 | W102: 100 | X102: 100 | Y102: 0 | Z102: 0 | AA102: 0 | AB102: 0 | AC102: 100 | AD102: 100 | AE102: 100 | AF102: 100 | AG102: 100 | AH102: 100 | AI102: 91.42 | AJ102: 113.99 | AK102: 100 | AL102: 100 | AM102: 100 | AN102: 100 | AO102: 100 | AP102: 100 | AQ102: 100 | AR102: 100 | AS102: 100 | AT102: 100 | AU102: 100 | AV102: 96.96 | AW102: 62.51 | AX102: 0
A103: PLTA CRATA #3 | B103: 123 | C103: 0 | D103: 0 | E103: 0 | F103: 0 | G103: 0 | H103: 0 | I103: 0 | J103: 0 | K103: 0 | L103: 0 | M103: 0 | N103: 0 | O103: 0 | P103: 0 | Q103: 0 | R103: 0 | S103: 0 | T103: 0 | U103: 100 | V103: 0 | W103: 0 | X103: 0 | Y103: 0 | Z103: 0 | AA103: 0 | AB103: 0 | AC103: 100 | AD103: 100 | AE103: 100 | AF103: 100 | AG103: 100 | AH103: 100 | AI103: 91.42 | AJ103: 113.99 | AK103: 100 | AL103: 100 | AM103: 100 | AN103: 100 | AO103: 100 | AP103: 100 | AQ103: 100 | AR103: 100 | AS103: 100 | AT103: 100 | AU103: 100 | AV103: 96.96 | AW103: 0 | AX103: 0
A104: PLTA CRATA #4 | B104: 123 | C104: 0 | D104: 0 | E104: 0 | F104: 0 | G104: 0 | H104: 0 | I104: 0 | J104: 0 | K104: 0 | L104: 0 | M104: 0 | N104: 0 | O104: 0 | P104: 0 | Q104: 0 | R104: 0 | S104: 0 | T104: 0 | U104: 0 | V104: 0 | W104: 0 | X104: 0 | Y104: 0 | Z104: 0 | AA104: 0 | AB104: 0 | AC104: 100 | AD104: 100 | AE104: 100 | AF104: 100 | AG104: 100 | AH104: 100 | AI104: 91.42 | AJ104: 0 | AK104: 100 | AL104: 100 | AM104: 100 | AN104: 100 | AO104: 100 | AP104: 100 | AQ104: 100 | AR104: 100 | AS104: 100 | AT104: 100 | AU104: 100 | AV104: 0 | AW104: 0 | AX104: 0
A105: PLTA CRATA #5 | B105: 123 | C105: 0 | D105: 0 | E105: 0 | F105: 0 | G105: 0 | H105: 0 | I105: 0 | J105: 0 | K105: 0 | L105: 0 | M105: 0 | N105: 0 | O105: 0 | P105: 0 | Q105: 0 | R105: 0 | S105: 0 | T105: 0 | U105: 0 | V105: 0 | W105: 0 | X105: 0 | Y105: 0 | Z105: 0 | AA105: 0 | AB105: 0 | AC105: 0 | AD105: 0 | AE105: 0 | AF105: 0 | AG105: 0 | AH105: 0 | AI105: 0 | AJ105: 0 | AK105: 100 | AL105: 100 | AM105: 100 | AN105: 100 | AO105: 100 | AP105: 100 | AQ105: 100 | AR105: 100 | AS105: 100 | AT105: 100 | AU105: 100 | AV105: 0 | AW105: 0 | AX105: 0
A106: PLTA CRATA #6 | B106: 123 | C106: 0 | D106: 0 | E106: 0 | F106: 0 | G106: 0 | H106: 0 | I106: 0 | J106: 0 | K106: 0 | L106: 0 | M106: 0 | N106: 0 | O106: 0 | P106: 0 | Q106: 0 | R106: 0 | S106: 0 | T106: 0 | U106: 0 | V106: 0 | W106: 0 | X106: 0 | Y106: 0 | Z106: 0 | AA106: 0 | AB106: 0 | AC106: 0 | AD106: 0 | AE106: 0 | AF106: 0 | AG106: 0 | AH106: 0 | AI106: 0 | AJ106: 0 | AK106: 0 | AL106: 0 | AM106: 0 | AN106: 0 | AO106: 0 | AP106: 0 | AQ106: 0 | AR106: 0 | AS106: 0 | AT106: 0 | AU106: 0 | AV106: 0 | AW106: 0 | AX106: 0
A107: PLTA CRATA #7 | B107: 123 | C107: 0 | D107: 0 | E107: 0 | F107: 0 | G107: 0 | H107: 0 | I107: 0 | J107: 0 | K107: 0 | L107: 0 | M107: 0 | N107: 0 | O107: 0 | P107: 0 | Q107: 0 | R107: 0 | S107: 0 | T107: 0 | U107: 0 | V107: 0 | W107: 0 | X107: 0 | Y107: 0 | Z107: 0 | AA107: 0 | AB107: 0 | AC107: 0 | AD107: 0 | AE107: 0 | AF107: 0 | AG107: 0 | AH107: 0 | AI107: 0 | AJ107: 0 | AK107: 0 | AL107: 0 | AM107: 0 | AN107: 0 | AO107: 0 | AP107: 0 | AQ107: 0 | AR107: 0 | AS107: 0 | AT107: 0 | AU107: 0 | AV107: 0 | AW107: 0 | AX107: 0
A108: PLTA CRATA #8 | B108: 123 | C108: 0 | D108: 0 | E108: 0 | F108: 0 | G108: 0 | H108: 0 | I108: 0 | J108: 0 | K108: 0 | L108: 0 | M108: 0 | N108: 0 | O108: 0 | P108: 0 | Q108: 0 | R108: 0 | S108: 0 | T108: 0 | U108: 0 | V108: 0 | W108: 0 | X108: 0 | Y108: 0 | Z108: 0 | AA108: 0 | AB108: 0 | AC108: 0 | AD108: 0 | AE108: 0 | AF108: 0 | AG108: 0 | AH108: 0 | AI108: 0 | AJ108: 0 | AK108: 0 | AL108: 0 | AM108: 0 | AN108: 0 | AO108: 0 | AP108: 0 | AQ108: 0 | AR108: 0 | AS108: 0 | AT108: 0 | AU108: 0 | AV108: 0 | AW108: 0 | AX108: 0
A110: PLTGU MRTWR #3 .0 | B110: 239.55 | C110: 57.14 | D110: 57.14 | E110: 57.14 | F110: 57.14 | G110: 57.14 | H110: 57.14 | I110: 57.14 | J110: 57.14 | K110: 57.14 | L110: 57.14 | M110: 57.14 | N110: 57.14 | O110: 57.14 | P110: 57.14 | Q110: 57.14 | R110: 57.14 | S110: 57.14 | T110: 57.14 | U110: 57.14 | V110: 114.29 | W110: 114.29 | X110: 114.29 | Y110: 114.29 | Z110: 114.29 | AA110: 114.29 | AB110: 114.29 | AC110: 136.77 | AD110: 136.77 | AE110: 136.77 | AF110: 136.77 | AG110: 136.77 | AH110: 136.77 | AI110: 171.43 | AJ110: 171.43 | AK110: 193.91 | AL110: 201.35 | AM110: 194.29 | AN110: 193.91 | AO110: 193.91 | AP110: 193.91 | AQ110: 193.91 | AR110: 193.91 | AS110: 193.91 | AT110: 136.77 | AU110: 79.62 | AV110: 60.09 | AW110: 57.14 | AX110: 76.87
... A124: PLTU INDRAMAYU #3 | B124: 290 | C124: 180 | D124: 180 | E124: 180 | F124: 180 | G124: 180 | H124: 180 | I124: 180 | J124: 180 | K124: 180 | L124: 200 | M124: 200 | N124: 200 | O124: 200 | P124: 200 | Q124: 230 | R124: 250 | S124: 270 | T124: 290 | U124: 290 | V124: 290 | W124: 290 | X124: 290 | Y124: 290 | Z124: 290 | AA124: 290 | AB124: 290 | AC124: 290 | AD124: 290 | AE124: 290 | AF124: 290 | AG124: 290 | AH124: 290 | AI124: 290 | AJ124: 290 | AK124: 290 | AL124: 290 | AM124: 290 | AN124: 290 | AO124: 290 | AP124: 290 | AQ124: 290 | AR124: 290 | AS124: 290 | AT124: 290 | AU124: 290 | AV124: 290 | AW124: 290 | AX124: 290
C125: IPP | D125: IPP | E125: IPP | F125: IPP | G125: IPP | H125: IPP | I125: IPP | J125: IPP | K125: IPP | L125: IPP | M125: IPP | N125: IPP | O125: IPP | P125: IPP | Q125: IPP | R125: IPP | S125: IPP | T125: IPP | U125: IPP | V125: IPP | W125: IPP | X125: IPP | Y125: IPP | Z125: IPP | AA125: IPP | AB125: IPP | AC125: IPP | AD125: IPP | AE125: IPP | AF125: IPP | AG125: IPP | AH125: IPP | AI125: IPP | AJ125: IPP | AK125: IPP | AL125: IPP | AM125: IPP | AN125: IPP | AO125: IPP | AP125: IPP | AQ125: IPP | AR125: IPP | AS125: IPP | AT125: IPP | AU125: IPP | AV125: IPP | AW125: IPP | AX125: IPP
A127: PLTA JTLHR | C127: 120.4 | D127: 120.4 | E127: 120.4 | F127: 120.4 | G127: 120.4 | H127: 120.4 | I127: 120.4 | J127: 120.4 | K127: 120.4 | L127: 120.4 | M127: 120.4 | N127: 120.4 | O127: 120.4 | P127: 120.4 | Q127: 120.4 | R127: 120.4 | S127: 120.4 | T127: 118 | U127: 134 | V127: 132 | W127: 132 | X127: 132 | Y127: 132 | Z127: 132 | AA127: 127 | AB127: 127 | AC127: 127 | AD127: 127 | AE127: 127 | AF127: 127 | AG127: 127 | AH127: 127 | AI127: 127 | AJ127: 127 | AK127: 127 | AL127: 127 | AM127: 127 | AN127: 127 | AO127: 124 | AP127: 124 | AQ127: 124 | AR127: 124 | AS127: 124 | AT127: 124 | AU127: 124 | AV127: 124 | AW127: 124 | AX127: 124
A129: PLTP DRJAT #2 | B129: 91.7287 | C129: 87.14 | D129: 87.14 | E129: 87.14 | F129: 87.14 | G129: 87.14 | H129: 87.14 | I129: 87.14 | J129: 87.14 | K129: 87.14 | L129: 87.14 | M129: 87.14 | N129: 87.14 | O129: 87.14 | P129: 87.14 | Q129: 87.14 | R129: 87.14 | S129: 91.73 | T129: 91.73 | U129: 91.73 | V129: 91.73 | W129: 91.73 | X129: 90.42 | Y129: 90.47 | Z129: 91.73 | AA129: 91.73 | AB129: 91.73 | AC129: 91.73 | AD129: 91.73 | AE129: 91.73 | AF129: 91.73 | AG129: 91.73 | AH129: 91.73 | AI129: 91.73 | AJ129: 91.73 | AK129: 91.73 | AL129: 91.73 | AM129: 91.73 | AN129: 91.73 | AO129: 91.73 | AP129: 91.73 | AQ129: 91.73 | AR129: 91.73 | AS129: 88.83 | AT129: 87.14 | AU129: 87.14 | AV129: 87.14 | AW129: 87.14 | AX129: 87.14
A130: PLTP DRJAT #3 | B130: 126.78023 | C130: 120.44 | D130: 120.44 | E130: 120.44 | F130: 120.44 | G130: 120.44 | H130: 120.44 | I130: 120.44 | J130: 120.44 | K130: 120.44 | L130: 120.44 | M130: 120.44 | N130: 120.44 | O130: 120.44 | P130: 120.44 | Q130: 120.44 | R130: 120.44 | S130: 120.44 | T130: 120.44 | U130: 120.44 | V130: 120.44 | W130: 120.44 | X130: 120.44 | Y130: 120.44 | Z130: 120.44 | AA130: 120.44 | AB130: 120.44 | AC130: 120.44 | AD130: 120.44 | AE130: 120.44 | AF130: 120.44 | AG130: 120.44 | AH130: 120.44 | AI130: 120.44 | AJ130: 120.44 | AK130: 120.44 | AL130: 126.78 | AM130: 123.94 | AN130: 120.44 | AO130: 120.44 | AP130: 120.44 | AQ130: 120.44 | AR130: 120.44 | AS130: 120.44 | AT130: 120.44 | AU130: 120.44 | AV130: 120.44 | AW130: 120.44 | AX130: 120.44
A132: PLTP WYNDU #1 | B132: 123.36635 | C132: 105 | D132: 105 | E132: 105 | F132: 105 | G132: 105 | H132: 105 | I132: 105 | J132: 105 | K132: 105 | L132: 105 | M132: 105 | N132: 105 | O132: 105 | P132: 105 | Q132: 105 | R132: 105 | S132: 105 | T132: 105 | U132: 105 | V132: 105 | W132: 105 | X132: 105 | Y132: 105 | Z132: 105 | AA132: 105 | AB132: 105 | AC132: 105 | AD132: 105 | AE132: 105 | AF132: 105 | AG132: 105 | AH132: 105 | AI132: 105 | AJ132: 105 | AK132: 105 | AL132: 105 | AM132: 105 | AN132: 105 | AO132: 105 | AP132: 105 | AQ132: 105 | AR132: 105 | AS132: 105 | AT132: 105 | AU132: 105 | AV132: 105 | AW132: 105 | AX132: 105
A133: PLTP WYNDU #2 | B133: 122.32919 | C133: 115 | D133: 115 | E133: 115 | F133: 115 | G133: 115 | H133: 115 | I133: 115 | J133: 115 | K133: 115 | L133: 115 | M133: 115 | N133: 115 | O133: 115 | P133: 115 | Q133: 115 | R133: 115 | S133: 115 | T133: 115 | U133: 115 | V133: 115 | W133: 115 | X133: 115 | Y133: 115 | Z133: 115 | AA133: 115 | AB133: 115 | AC133: 115 | AD133: 115 | AE133: 115 | AF133: 115 | AG133: 115 | AH133: 115 | AI133: 115 | AJ133: 115 | AK133: 115 | AL133: 115 | AM133: 115 | AN133: 115 | AO133: 115 | AP133: 115 | AQ133: 115 | AR133: 115 | AS133: 115 | AT133: 115 | AU133: 115 | AV133: 115 | AW133: 115 | AX133: 115
A135: PLTGU CIKARANG | B135: 150 | C135: 35 | D135: 35 | E135: 35 | F135: 35 | G135: 35 | H135: 35 | I135: 35 | J135: 35 | K135: 35 | L135: 35 | M135: 35 | N135: 35 | O135: 35 | P135: 35 | Q135: 35 | R135: 35 | S135: 35 | T135: 35 | U135: 35 | V135: 35 | W135: 35 | X135: 35 | Y135: 35 | Z135: 35 | AA135: 35 | AB135: 35 | AC135: 35 | AD135: 35 | AE135: 35 | AF135: 35 | AG135: 35 | AH135: 35 | AI135: 35 | AJ135: 35 | AK135: 35 | AL135: 35 | AM135: 35 | AN135: 35 | AO135: 35 | AP135: 35 | AQ135: 35 | AR135: 35 | AS135: 35 | AT135: 35 | AU135: 35 | AV135: 35 | AW135: 35 | AX135: 35
A137: PLTP KMJNG #4 | B137: 61.2732 | C137: 55.15 | D137: 55.15 | E137: 55.15 | F137: 55.15 | G137: 55.15 | H137: 55.15 | I137: 55.15 | J137: 55.15 | K137: 55.15 | L137: 55.15 | M137: 55.15 | N137: 55.15 | O137: 55.15 | P137: 55.15 | Q137: 55.15 | R137: 55.15 | S137: 58.01 | T137: 55.15 | U137: 55.23 | V137: 60.03 | W137: 59.91 | X137: 55.15 | Y137: 55.15 | Z137: 60.14 | AA137: 56.93 | AB137: 56.6 | AC137: 56.29 | AD137: 56.27 | AE137: 56.1 | AF137: 56.13 | AG137: 59.34 | AH137: 59.21 | AI137: 59.72 | AJ137: 59.74 | AK137: 59.7 | AL137: 61.27 | AM137: 59.56 | AN137: 59.7 | AO137: 59.77 | AP137: 59.84 | AQ137: 59.95 | AR137: 60.26 | AS137: 55.15 | AT137: 55.15 | AU137: 55.15 | AV137: 55.15 | AW137: 55.15 | AX137: 55.15
A138: PLTP KMJNG #5 | B138: 33 | C138: 29.7 | D138: 29.7 | E138: 29.7 | F138: 29.7 | G138: 29.7 | H138: 29.7 | I138: 29.7 | J138: 29.7 | K138: 29.7 | L138: 29.7 | M138: 29.7 | N138: 29.7 | O138: 29.7 | P138: 29.7 | Q138: 29.7 | R138: 29.7 | S138: 29.7 | T138: 32.29 | U138: 33 | V138: 29.7 | W138: 29.7 | X138: 29.7 | Y138: 29.7 | Z138: 29.7 | AA138: 33 | AB138: 33 | AC138: 33 | AD138: 33 | AE138: 33 | AF138: 33 | AG138: 29.7 | AH138: 29.7 | AI138: 29.7 | AJ138: 29.7 | AK138: 29.7 | AL138: 33 | AM138: 29.7 | AN138: 29.7 | AO138: 29.7 | AP138: 29.7 | AQ138: 29.7 | AR138: 29.7 | AS138: 29.7 | AT138: 29.7 | AU138: 29.7 | AV138: 29.7 | AW138: 29.7 | AX138: 29.7
A140: PLTU IPP CIREBON #1 | B140: 660 | C140: 450 | D140: 450 | E140: 450 | F140: 450 | G140: 450 | H140: 450 | I140: 450 | J140: 450 | K140: 450 | L140: 500 | M140: 500 | N140: 500 | O140: 500 | P140: 500 | Q140: 550 | R140: 600 | S140: 645 | T140: 645 | U140: 645 | V140: 645 | W140: 645 | X140: 645 | Y140: 645 | Z140: 645 | AA140: 646.8 | AB140: 646.8 | AC140: 646.8 | AD140: 646.8 | AE140: 646.8 | AF140: 646.8 | AG140: 646.8 | AH140: 646.8 | AI140: 646.8 | AJ140: 646.8 | AK140: 646.8 | AL140: 646.8 | AM140: 646.8 | AN140: 646.8 | AO140: 646.8 | AP140: 646.8 | AQ140: 646.8 | AR140: 646.8 | AS140: 646.8 | AT140: 646.8 | AU140: 646.8 | AV140: 646.8 | AW140: 646.8 | AX140: 646.8
A142: PLTGU BEKASI POWER #1 | C142: 50 | D142: 50 | E142: 50 | F142: 50 | G142: 50 | H142: 50 | I142: 50 | J142: 50 | K142: 50 | L142: 50 | M142: 50 | N142: 50 | O142: 50 | P142: 50 | Q142: 50 | R142: 50 | S142: 50 | T142: 50 | U142: 50 | V142: 50 | W142: 50 | X142: 50 | Y142: 50 | Z142: 50 | AA142: 50 | AB142: 50 | AC142: 50 | AD142: 50 | AE142: 50 | AF142: 50 | AG142: 50 | AH142: 50 | AI142: 50 | AJ142: 50 | AK142: 50 | AL142: 50 | AM142: 50 | AN142: 50 | AO142: 50 | AP142: 50 | AQ142: 50 | AR142: 50 | AS142: 50 | AT142: 50 | AU142: 50 | AV142: 50 | AW142: 50 | AX142: 50
A144: PLTP PATUHA #1 | B144: 59.57282 | C144: 56.59 | D144: 56.59 | E144: 56.59 | F144: 56.59 | G144: 56.59 | H144: 56.59 | I144: 56.59 | J144: 56.59 | K144: 56.59 | L144: 56.59 | M144: 56.59 | N144: 56.59 | O144: 56.59 | P144: 56.59 | Q144: 56.59 | R144: 56.59 | S144: 56.59 | T144: 56.59 | U144: 56.59 | V144: 56.59 | W144: 56.59 | X144: 56.59 | Y144: 56.59 | Z144: 56.59 | AA144: 56.59 | AB144: 56.59 | AC144: 56.59 | AD144: 56.59 | AE144: 56.59 | AF144: 56.59 | AG144: 56.59 | AH144: 56.59 | AI144: 56.59 | AJ144: 56.59 | AK144: 56.59 | AL144: 59.57 | AM144: 56.59 | AN144: 56.59 | AO144: 56.59 | AP144: 56.59 | AQ144: 56.59 | AR144: 56.59 | AS144: 56.59 | AT144: 56.59 | AU144: 56.59 | AV144: 56.59 | AW144: 56.59 | AX144: 56.59
A146: PLTP KARAHA #1 | B146: 18.5378 | C146: 16.68 | D146: 16.68 | E146: 16.68 | F146: 16.68 | G146: 16.68 | H146: 16.68 | I146: 16.68 | J146: 16.68 | K146: 16.68 | L146: 16.68 | M146: 16.68 | N146: 16.68 | O146: 16.68 | P146: 16.68 | Q146: 16.68 | R146: 16.68 | S146: 16.68 | T146: 16.54 | U146: 16.68 | V146: 16.68 | W146: 16.68 | X146: 16.68 | Y146: 16.68 | Z146: 16.68 | AA146: 16.68 | AB146: 16.68 | AC146: 16.68 | AD146: 16.68 | AE146: 16.68 | AF146: 16.68 | AG146: 16.68 | AH146: 16.68 | AI146: 16.68 | AJ146: 16.68 | AK146: 16.68 | AL146: 18.54 | AM146: 16.68 | AN146: 16.68 | AO146: 16.68 | AP146: 16.68 | AQ146: 16.68 | AR146: 16.68 | AS146: 16.68 | AT146: 16.68 | AU146: 16.68 | AV146: 16.68 | AW146: 16.68 | AX146: 16.68
A148: PLTA RAJAMANDALA #1 | B148: 46.6 | C148: 0 | D148: 0 | E148: 0 | F148: 0 | G148: 0 | H148: 0 | I148: 0 | J148: 0 | K148: 0 | L148: 0 | M148: 0 | N148: 0 | O148: 0 | P148: 0 | Q148: 0 | R148: 0 | S148: 0 | T148: 0 | U148: 0 | V148: 0 | W148: 0 | X148: 0 | Y148: 0 | Z148: 0 | AA148: 0 | AB148: 0 | AC148: 0 | AD148: 0 | AE148: 0 | AF148: 0 | AG148: 0 | AH148: 0 | AI148: 0 | AJ148: 0 | AK148: 0 | AL148: 0 | AM148: 0 | AN148: 0 | AO148: 0 | AP148: 0 | AQ148: 0 | AR148: 0 | AS148: 0 | AT148: 0 | AU148: 0 | AV148: 0 | AW148: 0 | AX148: 0
A150: PLTGU JAWA 1 CILAMAYA #1 | B150: 880 | C150: 380 | D150: 380 | E150: 565.88 | F150: 560.91 | G150: 587.06 | H150: 450 | I150: 450 | J150: 527.71 | K150: 440 | L150: 440 | M150: 574.85 | N150: 420 | O150: 380 | P150: 380 | Q150: 380 | R150: 704 | S150: 704 | T150: 541.13 | U150: 574.88 | V150: 704 | W150: 704 | X150: 704 | Y150: 704 | Z150: 380 | AA150: 556.43 | AB150: 499.28 | AC150: 725.29 | AD150: 826.64 | AE150: 843.95 | AF150: 842.27 | AG150: 862.4 | AH150: 862.4 | AI150: 704 | AJ150: 704 | AK150: 704 | AL150: 862.4 | AM150: 862.4 | AN150: 857.99 | AO150: 862.4 | AP150: 862.4 | AQ150: 803.57 | AR150: 704 | AS150: 836.72 | AT150: 862.4 | AU150: 862.4 | AV150: 704 | AW150: 704 | AX150: 380
A151: PLTGU JAWA 1 CILAMAYA #2 | B151: 880 | C151: 380 | D151: 468.1 | E151: 380 | F151: 400 | G151: 480 | H151: 450 | I151: 450 | J151: 500 | K151: 450 | L151: 440 | M151: 450 | N151: 420 | O151: 380 | P151: 380 | Q151: 528.9 | R151: 506.57 | S151: 704 | T151: 704 | U151: 704 | V151: 704 | W151: 704 | X151: 695.12 | Y151: 626.93 | Z151: 602.53 | AA151: 380 | AB151: 704 | AC151: 862.4 | AD151: 862.4 | AE151: 862.4 | AF151: 862.4 | AG151: 844.59 | AH151: 729.5 | AI151: 704 | AJ151: 639.26 | AK151: 704 | AL151: 862.4 | AM151: 862.4 | AN151: 862.4 | AO151: 719.71 | AP151: 826.93 | AQ151: 862.4 | AR151: 704 | AS151: 862.4 | AT151: 816.35 | AU151: 734.5 | AV151: 704 | AW151: 704 | AX151: 633.76
A153: PLTU CEPR #1 | B153: 924 | C153: 685.19 | D153: 833 | E153: 833 | F153: 833 | G153: 833 | H153: 833 | I153: 833 | J153: 833 | K153: 882 | L153: 905.52 | M153: 905.52 | N153: 905.52 | O153: 905.52 | P153: 689.83 | Q153: 905.52 | R153: 905.52 | S153: 905.52 | T153: 905.52 | U153: 905.52 | V153: 905.52 | W153: 905.52 | X153: 905.52 | Y153: 905.52 | Z153: 905.52 | AA153: 905.52 | AB153: 905.52 | AC153: 905.52 | AD153: 905.52 | AE153: 905.52 | AF153: 905.52 | AG153: 905.52 | AH153: 905.52 | AI153: 905.52 | AJ153: 905.52 | AK153: 905.52 | AL153: 905.52 | AM153: 905.52 | AN153: 905.52 | AO153: 905.52 | AP153: 905.52 | AQ153: 905.52 | AR153: 905.52 | AS153: 905.52 | AT153: 905.52 | AU153: 905.52 | AV153: 905.52 | AW153: 905.52 | AX153: 905.52
A155: PLTS CRATA #1 | B155: 145 | C155: 0 | D155: 0 | E155: 0 | F155: 0 | G155: 0 | H155: 0 | I155: 0 | J155: 0 | K155: 0 | L155: 0 | M155: 0 | N155: 1.1 | O155: 12.64 | P155: 26.94 | Q155: 48.64 | R155: 62.68 | S155: 70.87 | T155: 83.8 | U155: 92.5 | V155: 101.67 | W155: 107.96 | X155: 112.43 | Y155: 114.41 | Z155: 114.46 | AA155: 110.68 | AB155: 106.8 | AC155: 98.36 | AD155: 83.41 | AE155: 82.21 | AF155: 80.27 | AG155: 48.2 | AH155: 30.98 | AI155: 31.89 | AJ155: 15.27 | AK155: 1.97 | AL155: 0 | AM155: 0 | AN155: 0 | AO155: 0 | AP155: 0 | AQ155: 0 | AR155: 0 | AS155: 0 | AT155: 0 | AU155: 0 | AV155: 0 | AW155: 0 | AX155: 0
A156: PLTS CRATA #1 | B156: 1e-05
...

Sheet ROH
A1: LOKASI | B1: DMN | C1: 00.30 | D1: 01.00 | E1: 01.30 | F1: 02.00 | G1: 02.30 | H1: 03.00 | I1: 03.30 | J1: 04.00 | K1: 04.30 | L1: 05.00 | M1: 05.30 | N1: 06.00 | O1: 06.30 | P1: 07.00 | Q1: 07.30 | R1: 08.00 | S1: 08.30 | T1: 09.00 | U1: 09.30 | V1: 10.00 | W1: 10.30 | X1: 11.00 | Y1: 11.30 | Z1: 12.00 | AA1: 12.30 | AB1: 13.00 | AC1: 13.30 | AD1: 14.00 | AE1: 14.30 | AF1: 15.00 | AG1: 15.30 | AH1: 16.00 | AI1: 16.30 | AJ1: 17.00 | AK1: 17.30 | AL1: 18.00 | AM1: 18.30 | AN1: 19.00 | AO1: 19.30 | AP1: 20.00 | AQ1: 20.30 | AR1: 21.00 | AS1: 21.30 | AT1: 22.00 | AU1: 22.30 | AV1: 23.00 | AW1: 23.30 | AX1: 24.00
A3: RJKB
C4: PT. INDONESIA POWER | D4: PT. INDONESIA POWER | E4: PT. INDONESIA POWER | F4: PT. INDONESIA POWER | G4: PT. INDONESIA POWER | H4: PT. INDONESIA POWER | I4: PT. INDONESIA POWER | J4: PT. INDONESIA POWER | K4: PT. INDONESIA POWER | L4: PT. INDONESIA POWER | M4: PT. INDONESIA POWER | N4: PT. INDONESIA POWER | O4: PT. INDONESIA POWER | P4: PT. INDONESIA POWER | Q4: PT. INDONESIA POWER | R4: PT. INDONESIA POWER | S4: PT. INDONESIA POWER | T4: PT. INDONESIA POWER | U4: PT. INDONESIA POWER | V4: PT. INDONESIA POWER | W4: PT. INDONESIA POWER | X4: PT. INDONESIA POWER | Y4: PT. INDONESIA POWER | Z4: PT. INDONESIA POWER | AA4: PT. INDONESIA POWER | AB4: PT. INDONESIA POWER | AC4: PT. INDONESIA POWER | AD4: PT. INDONESIA POWER | AE4: PT. INDONESIA POWER | AF4: PT. INDONESIA POWER | AG4: PT. INDONESIA POWER | AH4: PT. INDONESIA POWER | AI4: PT. INDONESIA POWER | AJ4: PT. INDONESIA POWER | AK4: PT. INDONESIA POWER | AL4: PT. INDONESIA POWER | AM4: PT. INDONESIA POWER | AN4: PT. INDONESIA POWER | AO4: PT. INDONESIA POWER | AP4: PT. INDONESIA POWER | AQ4: PT. INDONESIA POWER | AR4: PT. INDONESIA POWER | AS4: PT. INDONESIA POWER | AT4: PT. INDONESIA POWER | AU4: PT. INDONESIA POWER | AV4: PT. INDONESIA POWER | AW4: PT. INDONESIA POWER | AX4: PT. INDONESIA POWER
A6: PLTA Region 1 | C6: 4 | D6: 3 | E6: 3 | F6: 3 | G6: 3 | H6: 3 | I6: 3 | J6: 3 | K6: 3 | L6: 3 | M6: 3 | N6: 3 | O6: 4 | P6: 4 | Q6: 4 | R6: 4 | S6: 4 | T6: 4 | U6: 4 | V6: 4 | W6: 8 | X6: 8 | Y6: 8 | Z6: 8 | AA6: 8 | AB6: 8 | AC6: 8 | AD6: 8 | AE6: 8 | AF6: 8 | AG6: 8 | AH6: 8 | AI6: 8 | AJ6: 8 | AK6: 8 | AL6: 8 | AM6: 8 | AN6: 8 | AO6: 8 | AP6: 4 | AQ6: 4 | AR6: 4 | AS6: 4 | AT6: 4 | AU6: 4 | AV6: 4 | AW6: 4 | AX6: 4
A8: PLTU SRLYA #1 | B8: 371.5 | C8: 200 | D8: 200 | E8: 200 | F8: 200 | G8: 200 | H8: 200 | I8: 200 | J8: 200 | K8: 200 | L8: 200 | M8: 200 | N8: 200 | O8: 200 | P8: 200 | Q8: 200 | R8: 200 | S8: 200 | T8: 200 | U8: 200 | V8: 200 | W8: 200 | X8: 200 | Y8: 200 | Z8: 200 | AA8: 200 | AB8: 200 | AC8: 200 | AD8: 200 | AE8: 200 | AF8: 200 | AG8: 200 | AH8: 200 | AI8: 200 | AJ8: 200 | AK8: 200 | AL8: 200 | AM8: 200 | AN8: 200 | AO8: 200 | AP8: 200 | AQ8: 200 | AR8: 250.01 | AS8: 200 | AT8: 200 | AU8: 200 | AV8: 200 | AW8: 200 | AX8: 200
A9: PLTU SRLYA #2 | B9: 371.5 | C9: 200 | D9: 200 | E9: 200 | F9: 200 | G9: 200 | H9: 200 | I9: 200 | J9: 200 | K9: 200 | L9: 200 | M9: 200 | N9: 200 | O9: 200 | P9: 200 | Q9: 200 | R9: 200 | S9: 200 | T9: 240.51 | U9: 240.51 | V9: 240.51 | W9: 240.51 | X9: 240.51 | Y9: 240.51 | Z9: 240.51 | AA9: 240.51 | AB9: 240.51 | AC9: 240.51 | AD9: 240.51 | AE9: 240.51 | AF9: 240.51 | AG9: 240.51 | AH9: 240.51 | AI9: 240.51 | AJ9: 240.51 | AK9: 240.51 | AL9: 240.51 | AM9: 240.51 | AN9: 240.51 | AO9: 240.51 | AP9: 240.51 | AQ9: 240.51 | AR9: 284.2 | AS9: 200 | AT9: 200 | AU9: 200 | AV9: 200 | AW9: 200 | AX9: 200
A10: PLTU SRLYA #4 | B10: 371.5 | C10: 200 | D10: 200 | E10: 200 | F10: 200 | G10: 200 | H10: 200 | I10: 200 | J10: 200 | K10: 200 | L10: 200 | M10: 200 | N10: 200 | O10: 200 | P10: 200 | Q10: 200 | R10: 200 | S10: 200 | T10: 284.2 | U10: 284.2 | V10: 284.2 | W10: 284.2 | X10: 284.2 | Y10: 284.2 | Z10: 284.2 | AA10: 284.2 | AB10: 284.2 | AC10: 284.2 | AD10: 284.2 | AE10: 284.2 | AF10: 284.2 | AG10: 284.2 | AH10: 284.2 | AI10: 284.2 | AJ10: 284.2 | AK10: 284.2 | AL10: 284.2 | AM10: 284.2 | AN10: 284.2 | AO10: 284.2 | AP10: 284.2 | AQ10: 284.2 | AR10: 284.2 | AS10: 200 | AT10: 200 | AU10: 200 | AV10: 200 | AW10: 200 | AX10: 200
A11: PLTU SRLYA #5 | B11: 575.2 | C11: 500 | D11: 510 | E11: 510 | F11: 513.7 | G11: 563.7 | H11: 503.7 | I11: 503.7 | J11: 503.7 | K11: 503.7 | L11: 503.7 | M11: 503.7 | N11: 503.7 | O11: 563.7 | P11: 513.7 | Q11: 509.5 | R11: 419.5 | S11: 419.5 | T11: 563.7 | U11: 563.7 | V11: 563.7 | W11: 563.7 | X11: 563.7 | Y11: 563.7 | Z11: 563.7 | AA11: 563.7 | AB11: 563.7 | AC11: 563.7 | AD11: 563.7 | AE11: 563.7 | AF11: 563.7 | AG11: 563.7 | AH11: 563.7 | AI11: 563.7 | AJ11: 563.7 | AK11: 563.7 | AL11: 563.7 | AM11: 563.7 | AN11: 563.7 | AO11: 563.7 | AP11: 563.7 | AQ11: 563.7 | AR11: 563.7 | AS11: 490 | AT11: 513.7 | AU11: 563.7 | AV11: 503.7 | AW11: 503.7 | AX11: 503.7
A12: PLTU SRLYA #6 | B12: 575.2 | C12: 300 | D12: 300 | E12: 300 | F12: 300 | G12: 340 | H12: 490 | I12: 496.3 | J12: 496.3 | K12: 496.3 | L12: 496.3 | M12: 496.3 | N12: 490 | O12: 340 | P12: 300 | Q12: 300 | R12: 340 | S12: 340 | T12: 563.7 | U12: 563.7 | V12: 563.7 | W12: 563.7 | X12: 563.7 | Y12: 563.7 | Z12: 563.7 | AA12: 563.7 | AB12: 563.7 | AC12: 563.7 | AD12: 563.7 | AE12: 563.7 | AF12: 563.7 | AG12: 563.7 | AH12: 563.7 | AI12: 563.7 | AJ12: 563.7 | AK12: 563.7 | AL12: 563.7 | AM12: 563.7 | AN12: 563.7 | AO12: 563.7 | AP12: 563.7 | AQ12: 563.7 | AR12: 470 | AS12: 320 | AT12: 300 | AU12: 340 | AV12: 490 | AW12: 496.3 | AX12: 496.3
A13: PLTU SRLYA #7 | B13: 575.2 | C13: 500 | D13: 490 | E13: 490 | F13: 486.3 | G13: 396.3 | H13: 306.3 | I13: 300 | J13: 300 | K13: 300 | L13: 300 | M13: 300 | N13: 306.3 | O13: 396.3 | P13: 486.3 | Q13: 490.5 | R13: 540.5 | S13: 540.5 | T13: 563.7 | U13: 563.7 | V13: 563.7 | W13: 563.7 | X13: 563.7 | Y13: 563.7 | Z13: 563.7 | AA13: 563.7 | AB13: 563.7 | AC13: 563.7 | AD13: 563.7 | AE13: 563.7 | AF13: 563.7 | AG13: 563.7 | AH13: 563.7 | AI13: 563.7 | AJ13: 563.7 | AK13: 563.7 | AL13: 563.7 | AM13: 563.7 | AN13: 563.7 | AO13: 563.7 | AP13: 563.7 | AQ13: 563.7 | AR13: 563.7 | AS13: 490 | AT13: 486.3 | AU13: 396.3 | AV13: 306.3 | AW13: 300 | AX13: 300
A15: PLTGU PRIOK #1 | C15: 204.4 | D15: 204.4 | E15: 204.4 | F15: 204.4 | G15: 204.4 | H15: 204.4 | I15: 204.4 | J15: 204.4 | K15: 204.4 | L15: 204.4 | M15: 204.4 | N15: 279.55 | O15: 306.6 | P15: 547.5 | Q15: 547.5 | R15: 547.5 | S15: 547.5 | T15: 354.78 | U15: 355.67 | V15: 354.78 | W15: 354.78 | X15: 354.78 | Y15: 354.78 | Z15: 354.78 | AA15: 354.78 | AB15: 357.72 | AC15: 381.06 | AD15: 381.06 | AE15: 381.06 | AF15: 381.06 | AG15: 381.06 | AH15: 354.78 | AI15: 354.78 | AJ15: 354.78 | AK15: 354.78 | AL15: 386.9 | AM15: 354.78 | AN15: 354.78 | AO15: 354.78 | AP15: 354.78 | AQ15: 354.78 | AR15: 354.78 | AS15: 354.78 | AT15: 354.78 | AU15: 252.58 | AV15: 252.58 | AW15: 251.49 | AX15: 204.4
A16: PLTGU PRIOK #2 | C16: 204.4 | D16: 204.4 | E16: 204.4 | F16: 204.4 | G16: 204.4 | H16: 204.4 | I16: 204.4 | J16: 204.4 | K16: 204.4 | L16: 204.4 | M16: 204.4 | N16: 204.4 | O16: 204.4 | P16: 204.4 | Q16: 204.4 | R16: 204.4 | S16: 204.4 | T16: 252.58 | U16: 253.59 | V16: 252.58 | W16: 252.58 | X16: 252.58 | Y16: 252.58 | Z16: 252.58 | AA16: 252.58 | AB16: 261.31 | AC16: 278.86 | AD16: 278.86 | AE16: 278.86 | AF16: 278.86 | AG16: 278.86 | AH16: 252.58 | AI16: 252.58 | AJ16: 252.58 | AK16: 252.58 | AL16: 284.7 | AM16: 252.58 | AN16: 252.58 | AO16: 252.58 | AP16: 252.58 | AQ16: 252.58 | AR16: 252.58 | AS16: 252.58 | AT16: 252.58 | AU16: 252.58 | AV16: 231.54 | AW16: 250.23 | AX16: 248.21
A17: PLTGU PRIOK #3 | C17: 444.26 | D17: 444.26 | E17: 444.26 | F17: 444.26 | G17: 444.26 | H17: 444.26 | I17: 444.26 | J17: 444.26 | K17: 444.26 | L17: 444.26 | M17: 444.26 | N17: 444.26 | O17: 444.26 | P17: 444.26 | Q17: 444.26 | R17: 539.23 | S17: 539.23 | T17: 696.32 | U17: 720 | V17: 666.77 | W17: 697.07 | X17: 716.77 | Y17: 705.05 | Z17: 693.65 | AA17: 675.64 | AB17: 720 | AC17: 720 | AD17: 720 | AE17: 720 | AF17: 720 | AG17: 720 | AH17: 717.83 | AI17: 684.69 | AJ17: 652.11 | AK17: 582.64 | AL17: 720 | AM17: 713.87 | AN17: 626.55 | AO17: 582.24 | AP17: 539.23 | AQ17: 626.55 | AR17: 611.81 | AS17: 637.14 | AT17: 574.2 | AU17: 636.72 | AV17: 539.23 | AW17: 539.23 | AX17: 539.23
A18: PLTGU PRIOK #4 | C18: 0 | D18: 0 | E18: 0 | F18: 0 | G18: 0 | H18: 0 | I18: 0 | J18: 0 | K18: 0 | L18: 0 | M18: 0 | N18: 0 | O18: 0 | P18: 0 | Q18: 0 | R18: 0 | S18: 0 | T18: 0 | U18: 53.74 | V18: 150 | W18: 150 | X18: 150 | Y18: 150 | Z18: 150 | AA18: 150 | AB18: 150 | AC18: 164.97 | AD18: 172.28 | AE18: 179.16 | AF18: 180.01 | AG18: 168.78 | AH18: 150 | AI18: 150 | AJ18: 150 | AK18: 150 | AL18: 221 | AM18: 150 | AN18: 150 | AO18: 150 | AP18: 150 | AQ18: 75 | AR18: 25 | AS18: 0 | AT18: 0 | AU18: 0 | AV18: 0 | AW18: 0 | AX18: 0
A20: PLTP SALAK #1 | B20: 56.5 | C20: 56.5 | D20: 56.5 | E20: 56.5 | F20: 56.5 | G20: 56.5 | H20: 56.5 | I20: 56.5 | J20: 56.5 | K20: 56.5 | L20: 56.5 | M20: 56.5 | N20: 56.5 | O20: 56.5 | P20: 56.5 | Q20: 46.5 | R20: 46.5 | S20: 56.5 | T20: 56.5 | U20: 56.5 | V20: 56.5 | W20: 56.5 | X20: 56.5 | Y20: 56.5 | Z20: 56.5 | AA20: 56.5 | AB20: 56.5 | AC20: 56.5 | AD20: 56.5 | AE20: 56.5 | AF20: 56.5 | AG20: 56.5 | AH20: 56.5 | AI20: 56.5 | AJ20: 56.5 | AK20: 56.5 | AL20: 56.5 | AM20: 56.5 | AN20: 56.5 | AO20: 56.5 | AP20: 56.5 | AQ20: 56.5 | AR20: 56.5 | AS20: 56.5 | AT20: 56.5 | AU20: 56.5 | AV20: 56.5 | AW20: 56.5 | AX20: 56.5
A21: PLTP SALAK #2 | B21: 56.5 | C21: 56.5 | D21: 56.5 | E21: 56.5 | F21: 56.5 | G21: 56.5 | H21: 56.5 | I21: 56.5 | J21: 56.5 | K21: 56.5 | L21: 56.5 | M21: 56.5 | N21: 56.5 | O21: 56.5 | P21: 56.5 | Q21: 46.5 | R21: 46.5 | S21: 56.5 | T21: 56.5 | U21: 56.5 | V21: 56.5 | W21: 56.5 | X21: 56.5 | Y21: 56.5 | Z21: 56.5 | AA21: 56.5 | AB21: 56.5 | AC21: 56.5 | AD21: 56.5 | AE21: 56.5 | AF21: 56.5 | AG21: 56.5 | AH21: 56.5 | AI21: 56.5 | AJ21: 56.5 | AK21: 56.5 | AL21: 56.5 | AM21: 56.5 | AN21: 56.5 | AO21: 56.5 | AP21: 56.5 | AQ21: 56.5 | AR21: 56.5 | AS21: 56.5 | AT21: 56.5 | AU21: 56.5 | AV21: 56.5 | AW21: 56.5 | AX21: 56.5
A22: PLTP SALAK #3 | B22: 57 | C22: 57 | D22: 57 | E22: 57 | F22: 57 | G22: 57 | H22: 57 | I22: 57 | J22: 57 | K22: 57 | L22: 57 | M22: 57 | N22: 57 | O22: 57 | P22: 57 | Q22: 47 | R22: 47 | S22: 57 | T22: 57 | U22: 57 | V22: 57 | W22: 57 | X22: 57 | Y22: 57 | Z22: 57 | AA22: 57 | AB22: 57 | AC22: 57 | AD22: 57 | AE22: 57 | AF22: 57 | AG22: 57 | AH22: 57 | AI22: 57 | AJ22: 57 | AK22: 57 | AL22: 57 | AM22: 57 | AN22: 57 | AO22: 57 | AP22: 57 | AQ22: 57 | AR22: 57 | AS22: 57 | AT22: 57 | AU22: 57 | AV22: 57 | AW22: 57 | AX22: 57
A24: PLTD SNYAN #1 | B24: 17.02 | C24: 0 | D24: 0 | E24: 0 | F24: 0 | G24: 0 | H24: 0 | I24: 0 | J24: 0 | K24: 0 | L24: 0 | M24: 0 | N24: 0 | O24: 0 | P24: 0 | Q24: 0 | R24: 0 | S24: 0 | T24: 0 | U24: 0 | V24: 0 | W24: 0 | X24: 0 | Y24: 0 | Z24: 0 | AA24: 0 | AB24: 0 | AC24: 0 | AD24: 0 | AE24: 0 | AF24: 0 | AG24: 0 | AH24: 0 | AI24: 0 | AJ24: 0 | AK24: 0 | AL24: 0 | AM24: 0 | AN24: 0 | AO24: 0 | AP24: 0 | AQ24: 0 | AR24: 0 | AS24: 0 | AT24: 0 | AU24: 0 | AV24: 0 | AW24: 0 | AX24: 0
A25: PLTD SNYAN #2 | B25: 17.02 | C25: 0 | D25: 0 | E25: 0 | F25: 0 | G25: 0 | H25: 0 | I25: 0 | J25: 0 | K25: 0 | L25: 0 | M25: 0 | N25: 0 | O25: 0 | P25: 0 | Q25: 0 | R25: 0 | S25: 0 | T25: 0 | U25: 0 | V25: 0 | W25: 0 | X25: 0 | Y25: 0 | Z25: 0 | AA25: 0 | AB25: 0 | AC25: 0 | AD25: 0 | AE25: 0 | AF25: 0 | AG25: 0 | AH25: 0 | AI25: 0 | AJ25: 0 | AK25: 0 | AL25: 0 | AM25: 0 | AN25: 0 | AO25: 0 | AP25: 0 | AQ25: 0 | AR25: 0 | AS25: 0 | AT25: 0 | AU25: 0 | AV25: 0 | AW25: 0 | AX25: 0
A26: PLTD SNYAN #3 | B26: 17.02 | C26: 0 | D26: 0 | E26: 0 | F26: 0 | G26: 0 | H26: 0 | I26: 0 | J26: 0 | K26: 0 | L26: 0 | M26: 0 | N26: 0 | O26: 0 | P26: 0 | Q26: 0 | R26: 0 | S26: 0 | T26: 0 | U26: 0 | V26: 0 | W26: 0 | X26: 0 | Y26: 0 | Z26: 0 | AA26: 0 | AB26: 0 | AC26: 0 | AD26: 0 | AE26: 0 | AF26: 0 | AG26: 0 | AH26: 0 | AI26: 0 | AJ26: 0 | AK26: 0 | AL26: 0 | AM26: 0 | AN26: 0 | AO26: 0 | AP26: 0 | AQ26: 0 | AR26: 0 | AS26: 0 | AT26: 0 | AU26: 0 | AV26: 0 | AW26: 0 | AX26: 0
A27: PLTD SNYAN #4 | B27: 17.02 | C27: 0 | D27: 0 | E27: 0 | F27: 0 | G27: 0 | H27: 0 | I27: 0 | J27: 0 | K27: 0 | L27: 0 | M27: 0 | N27: 0 | O27: 0 | P27: 0 | Q27: 0 | R27: 0 | S27: 0 | T27: 0 | U27: 0 | V27: 0 | W27: 0 | X27: 0 | Y27: 0 | Z27: 0 | AA27: 0 | AB27: 0 | AC27: 0 | AD27: 0 | AE27: 0 | AF27: 0 | AG27: 0 | AH27: 0 | AI27: 0 | AJ27: 0 | AK27: 0 | AL27: 0 | AM27: 0 | AN27: 0 | AO27: 0 | AP27: 0 | AQ27: 0 | AR27: 0 | AS27: 0 | AT27: 0 | AU27: 0 | AV27: 0 | AW27: 0 | AX27: 0
A28: PLTD SNYAN #5 | B28: 17.02 | C28: 0 | D28: 0 | E28: 0 | F28: 0 | G28: 0 | H28: 0 | I28: 0 | J28: 0 | K28: 0 | L28: 0 | M28: 0 | N28: 0 | O28: 0 | P28: 0 | Q28: 0 | R28: 0 | S28: 0 | T28: 0 | U28: 0 | V28: 0 | W28: 0 | X28: 0 | Y28: 0 | Z28: 0 | AA28: 0 | AB28: 0 | AC28: 0 | AD28: 0 | AE28: 0 | AF28: 0 | AG28: 0 | AH28: 0 | AI28: 0 | AJ28: 0 | AK28: 0 | AL28: 0 | AM28: 0 | AN28: 0 | AO28: 0 | AP28: 0 | AQ28: 0 | AR28: 0 | AS28: 0 | AT28: 0 | AU28: 0 | AV28: 0 | AW28: 0 | AX28: 0
A29: PLTD SNYAN #6 | B29: 17.02 | C29: 0 | D29: 0 | E29: 0 | F29: 0 | G29: 0 | H29: 0 | I29: 0 | J29: 0 | K29: 0 | L29: 0 | M29: 0 | N29: 0 | O29: 0 | P29: 0 | Q29: 0 | R29: 0 | S29: 0 | T29: 0 | U29: 0 | V29: 0 | W29: 0 | X29: 0 | Y29: 0 | Z29: 0 | AA29: 0 | AB29: 0 | AC29: 0 | AD29: 0 | AE29: 0 | AF29: 0 | AG29: 0 | AH29: 0 | AI29: 0 | AJ29: 0 | AK29: 0 | AL29: 0 | AM29: 0 | AN29: 0 | AO29: 0 | AP29: 0 | AQ29: 0 | AR29: 0 | AS29: 0 | AT29: 0 | AU29: 0 | AV29: 0 | AW29: 0 | AX29: 0
A31: PLTGU CLGN #1 | C31: 140.09 | D31: 140.09 | E31: 140.09 | F31: 140.09 | G31: 140.09 | H31: 140.09 | I31: 140.09 | J31: 140.09 | K31: 140.09 | L31: 140.09 | M31: 140.09 | N31: 140.09 | O31: 140.09 | P31: 140.09 | Q31: 140.09 | R31: 140.09 | S31: 140.09 | T31: 233.49 | U31: 233.49 | V31: 233.49 | W31: 233.49 | X31: 233.49 | Y31: 233.49 | Z31: 233.49 | AA31: 233.49 | AB31: 233.49 | AC31: 233.49 | AD31: 233.49 | AE31: 233.49 | AF31: 233.49 | AG31: 233.49 | AH31: 233.49 | AI31: 233.49 | AJ31: 233.49 | AK31: 233.49 | AL31: 233.49 | AM31: 233.49 | AN31: 233.49 | AO31: 233.49 | AP31: 233.49 | AQ31: 233.49 | AR31: 140.09 | AS31: 140.09 | AT31: 140.09 | AU31: 140.09 | AV31: 140.09 | AW31: 140.09 | AX31: 140.09
A33: PLTU LABUAN #1 | B33: 280 | C33: 240 | D33: 240 | E33: 240 | F33: 240 | G33: 240 | H33: 240 | I33: 240 | J33: 240 | K33: 240 | L33: 240 | M33: 240 | N33: 240 | O33: 240 | P33: 240 | Q33: 240 | R33: 240 | S33: 240 | T33: 240 | U33: 240 | V33: 240 | W33: 240 | X33: 240 | Y33: 240 | Z33: 240 | AA33: 240 | AB33: 260 | AC33: 260 | AD33: 260 | AE33: 260 | AF33: 260 | AG33: 260 | AH33: 260 | AI33: 260 | AJ33: 260 | AK33: 260 | AL33: 260 | AM33: 260 | AN33: 260 | AO33: 260 | AP33: 260 | AQ33: 260 | AR33: 260 | AS33: 260 | AT33: 260 | AU33: 240 | AV33: 240 | AW33: 240 | AX33: 240
A34: PLTU LABUAN #2 | B34: 280 | C34: 240 | D34: 240 | E34: 240 | F34: 240 | G34: 240 | H34: 240 | I34: 240 | J34: 240 | K34: 240 | L34: 240 | M34: 240 | N34: 240 | O34: 240 | P34: 240 | Q34: 240 | R34: 240 | S34: 240 | T34: 240 | U34: 240 | V34: 240 | W34: 240 | X34: 240 | Y34: 240 | Z34: 240 | AA34: 240 | AB34: 260 | AC34: 260 | AD34: 260 | AE34: 260 | AF34: 260 | AG34: 260 | AH34: 260 | AI34: 260 | AJ34: 260 | AK34: 260 | AL34: 260 | AM34: 260 | AN34: 260 | AO34: 260 | AP34: 260 | AQ34: 260 | AR34: 260 | AS34: 260 | AT34: 260 | AU34: 240 | AV34: 240 | AW34: 240 | AX34: 240
A36: PLTU SRLYA #8 | B36: 540 | C36: 400 | D36: 400 | E36: 400 | F36: 400 | G36: 400 | H36: 400 | I36: 400 | J36: 400 | K36: 400 | L36: 400 | M36: 400 | N36: 400 | O36: 400 | P36: 400 | Q36: 400 | R36: 400 | S36: 400 | T36: 400 | U36: 400 | V36: 400 | W36: 400 | X36: 400 | Y36: 400 | Z36: 400 | AA36: 400 | AB36: 400 | AC36: 400 | AD36: 400 | AE36: 400 | AF36: 400 | AG36: 400 | AH36: 400 | AI36: 400 | AJ36: 400 | AK36: 400 | AL36: 400 | AM36: 400 | AN36: 400 | AO36: 400 | AP36: 400 | AQ36: 400 | AR36: 400 | AS36: 400 | AT36: 400 | AU36: 400 | AV36: 400 | AW36: 400 | AX36: 400
A38: PLTU PRATU #1 | B38: 323 | C38: 300 | D38: 300 | E38: 300 | F38: 300 | G38: 300 | H38: 300 | I38: 300 | J38: 300 | K38: 300 | L38: 300 | M38: 300 | N38: 300 | O38: 300 | P38: 300 | Q38: 300 | R38: 300 | S38: 300 | T38: 310 | U38: 310 | V38: 310 | W38: 310 | X38: 310 | Y38: 310 | Z38: 310 | AA38: 310 | AB38: 310 | AC38: 310 | AD38: 310 | AE38: 310 | AF38: 310 | AG38: 310 | AH38: 310 | AI38: 310 | AJ38: 315 | AK38: 315 | AL38: 315 | AM38: 315 | AN38: 315 | AO38: 315 | AP38: 315 | AQ38: 315 | AR38: 315 | AS38: 315 | AT38: 315 | AU38: 315 | AV38: 300 | AW38: 300 | AX38: 300
A39: PLTU PRATU #2 | B39: 323 | C39: 300 | D39: 300 | E39: 300 | F39: 300 | G39: 300 | H39: 300 | I39: 300 | J39: 300 | K39: 300 | L39: 300 | M39: 300 | N39: 300 | O39: 300 | P39: 300 | Q39: 300 | R39: 300 | S39: 300 | T39: 310 | U39: 310 | V39: 310 | W39: 310 | X39: 310 | Y39: 310 | Z39: 310 | AA39: 310 | AB39: 310 | AC39: 310 | AD39: 310 | AE39: 310 | AF39: 310 | AG39: 310 | AH39: 310 | AI39: 310 | AJ39: 315 | AK39: 315 | AL39: 315 | AM39: 315 | AN39: 315 | AO39: 315 | AP39: 315 | AQ39: 315 | AR39: 315 | AS39: 315 | AT39: 315 | AU39: 315 | AV39: 300 | AW39: 300 | AX39: 300
A40: PLTU PRATU #3 | B40: 323 | C40: 135 | D40: 135 | E40: 135 | F40: 135 | G40: 135 | H40: 135 | I40: 135 | J40: 135 | K40: 135 | L40: 135 | M40: 135 | N40: 135 | O40: 135 | P40: 135 | Q40: 135 | R40: 135 | S40: 135 | T40: 135 | U40: 135 | V40: 135 | W40: 135 | X40: 135 | Y40: 135 | Z40: 135 | AA40: 135 | AB40: 135 | AC40: 135 | AD40: 135 | AE40: 135 | AF40: 135 | AG40: 135 | AH40: 135 | AI40: 135 | AJ40: 135 | AK40: 135 | AL40: 135 | AM40: 135 | AN40: 135 | AO40: 135 | AP40: 135 | AQ40: 135 | AR40: 135 | AS40: 135 | AT40: 135 | AU40: 135 | AV40: 135 | AW40: 135 | AX40: 135
A42: PLTU LONTAR #1 | B42: 280 | C42: 0 | D42: 0 | E42: 0 | F42: 0 | G42: 0 | H42: 0 | I42: 0 | J42: 0 | K42: 0 | L42: 0 | M42: 0 | N42: 0 | O42: 0 | P42: 0 | Q42: 0 | R42: 0 | S42: 0 | T42: 0 | U42: 0 | V42: 0 | W42: 0 | X42: 0 | Y42: 0 | Z42: 0 | AA42: 0 | AB42: 0 | AC42: 0 | AD42: 0 | AE42: 0 | AF42: 0 | AG42: 0 | AH42: 0 | AI42: 0 | AJ42: 0 | AK42: 0 | AL42: 0 | AM42: 0 | AN42: 0 | AO42: 0 | AP42: 0 | AQ42: 0 | AR42: 0 | AS42: 0 | AT42: 0 | AU42: 0 | AV42: 0 | AW42: 0 | AX42: 0
A43: PLTU LONTAR #2 | B43: 280 | C43: 250 | D43: 250 | E43: 250 | F43: 250 | G43: 250 | H43: 250 | I43: 250 | J43: 250 | K43: 250 | L43: 250 | M43: 250 | N43: 260 | O43: 260 | P43: 275 | Q43: 275 | R43: 280 | S43: 280 | T43: 280 | U43: 280 | V43: 280 | W43: 280 | X43: 280 | Y43: 280 | Z43: 280 | AA43: 280 | AB43: 280 | AC43: 280 | AD43: 280 | AE43: 280 | AF43: 280 | AG43: 280 | AH43: 280 | AI43: 280 | AJ43: 280 | AK43: 280 | AL43: 280 | AM43: 280 | AN43: 280 | AO43: 280 | AP43: 280 | AQ43: 280 | AR43: 275 | AS43: 275 | AT43: 250 | AU43: 250 | AV43: 250 | AW43: 250 | AX43: 250
A44: PLTU LONTAR #3 | B44: 280 | C44: 250 | D44: 250 | E44: 250 | F44: 250 | G44: 250 | H44: 250 | I44: 250 | J44: 250 | K44: 250 | L44: 250 | M44: 250 | N44: 260 | O44: 260 | P44: 275 | Q44: 275 | R44: 280 | S44: 280 | T44: 280 | U44: 280 | V44: 280 | W44: 280 | X44: 280 | Y44: 280 | Z44: 280 | AA44: 280 | AB44: 280 | AC44: 280 | AD44: 280 | AE44: 280 | AF44: 280 | AG44: 280 | AH44: 280 | AI44: 280 | AJ44: 280 | AK44: 280 | AL44: 280 | AM44: 280 | AN44: 280 | AO44: 280 | AP44: 280 | AQ44: 280 | AR44: 275 | AS44: 275 | AT44: 250 | AU44: 250 | AV44: 250 | AW44: 250 | AX44: 250
A45: PLTU LONTAR #4 | B45: 293 | C45: 220 | D45: 220 | E45: 220 | F45: 220 | G45: 220 | H45: 220 | I45: 220 | J45: 220 | K45: 220 | L45: 220 | M45: 220 | N45: 220 | O45: 220 | P45: 220 | Q45: 220 | R45: 240 | S45: 240 | T45: 240 | U45: 240 | V45: 240 | W45: 240 | X45: 240 | Y45: 240 | Z45: 240 | AA45: 240 | AB45: 240 | AC45: 240 | AD45: 240 | AE45: 240 | AF45: 240 | AG45: 240 | AH45: 240 | AI45: 240 | AJ45: 240 | AK45: 240 | AL45: 240 | AM45: 240 | AN45: 240 | AO45: 240 | AP45: 240 | AQ45: 240 | AR45: 220 | AS45: 220 | AT45: 220 | AU45: 220 | AV45: 220 | AW45: 220 | AX45: 220
A47: PLTU SRLYA #3 | B47: 371.5 | C47: 200 | D47: 200 | E47: 200 | F47: 200 | G47: 200 | H47: 200 | I47: 200 | J47: 200 | K47: 200 | L47: 200 | M47: 200 | N47: 200 | O47: 200 | P47: 200 | Q47: 200 | R47: 200 | S47: 200 | T47: 284.2 | U47: 284.2 | V47: 284.2 | W47: 284.2 | X47: 284.2 | Y47: 284.2 | Z47: 284.2 | AA47: 284.2 | AB47: 284.2 | AC47: 284.2 | AD47: 284.2 | AE47: 284.2 | AF47: 284.2 | AG47: 284.2 | AH47: 284.2 | AI47: 284.2 | AJ47: 284.2 | AK47: 284.2 | AL47: 284.2 | AM47: 284.2 | AN47: 284.2 | AO47: 284.2 | AP47: 284.2 | AQ47: 284.2 | AR47: 284.2 | AS47: 200 | AT47: 200 | AU47: 200 | AV47: 200 | AW47: 200 | AX47: 200
C48: PT. PEMBANGKITAN JAWA-BALI | D48: PT. PEMBANGKITAN JAWA-BALI | E48: PT. PEMBANGKITAN JAWA-BALI | F48: PT. PEMBANGKITAN JAWA-BALI | G48: PT. PEMBANGKITAN JAWA-BALI | H48: PT. PEMBANGKITAN JAWA-BALI | I48: PT. PEMBANGKITAN JAWA-BALI | J48: PT. PEMBANGKITAN JAWA-BALI | K48: PT. PEMBANGKITAN JAWA-BALI | L48: PT. PEMBANGKITAN JAWA-BALI | M48: PT. PEMBANGKITAN JAWA-BALI | N48: PT. PEMBANGKITAN JAWA-BALI | O48: PT. PEMBANGKITAN JAWA-BALI | P48: PT. PEMBANGKITAN JAWA-BALI | Q48: PT. PEMBANGKITAN JAWA-BALI | R48: PT. PEMBANGKITAN JAWA-BALI | S48: PT. PEMBANGKITAN JAWA-BALI | T48: PT. PEMBANGKITAN JAWA-BALI | U48: PT. PEMBANGKITAN JAWA-BALI | V48: PT. PEMBANGKITAN JAWA-BALI | W48: PT. PEMBANGKITAN JAWA-BALI | X48: PT. PEMBANGKITAN JAWA-BALI | Y48: PT. PEMBANGKITAN JAWA-BALI | Z48: PT. PEMBANGKITAN JAWA-BALI | AA48: PT. PEMBANGKITAN JAWA-BALI | AB48: PT. PEMBANGKITAN JAWA-BALI | AC48: PT. PEMBANGKITAN JAWA-BALI | AD48: PT. PEMBANGKITAN JAWA-BALI | AE48: PT. PEMBANGKITAN JAWA-BALI | AF48: PT. PEMBANGKITAN JAWA-BALI | AG48: PT. PEMBANGKITAN JAWA-BALI | AH48: PT. PEMBANGKITAN JAWA-BALI | AI48: PT. PEMBANGKITAN JAWA-BALI | AJ48: PT. PEMBANGKITAN JAWA-BALI | AK48: PT. PEMBANGKITAN JAWA-BALI | AL48: PT. PEMBANGKITAN JAWA-BALI | AM48: PT. PEMBANGKITAN JAWA-BALI | AN48: PT. PEMBANGKITAN JAWA-BALI | AO48: PT. PEMBANGKITAN JAWA-BALI | AP48: PT. PEMBANGKITAN JAWA-BALI | AQ48: PT. PEMBANGKITAN JAWA-BALI | AR48: PT. PEMBANGKITAN JAWA-BALI | AS48: PT. PEMBANGKITAN JAWA-BALI | AT48: PT. PEMBANGKITAN JAWA-BALI | AU48: PT. PEMBANGKITAN JAWA-BALI | AV48: PT. PEMBANGKITAN JAWA-BALI | AW48: PT. PEMBANGKITAN JAWA-BALI | AX48: PT. PEMBANGKITAN JAWA-BALI
A50: PLTU MKRNG #4 | B50: 162 | C50: 90 | D50: 90 | E50: 90 | F50: 90 | G50: 90 | H50: 90 | I50: 90 | J50: 90 | K50: 90 | L50: 90 | M50: 90 | N50: 90 | O50: 90 | P50: 90 | Q50: 90 | R50: 90 | S50: 90 | T50: 90 | U50: 90 | V50: 90 | W50: 90 | X50: 90 | Y50: 90 | Z50: 90 | AA50: 90 | AB50: 90 | AC50: 90 | AD50: 90 | AE50: 90 | AF50: 90 | AG50: 90 | AH50: 90 | AI50: 90 | AJ50: 90 | AK50: 90 | AL50: 90 | AM50: 90 | AN50: 90 | AO50: 90 | AP50: 90 | AQ50: 90 | AR50: 90 | AS50: 90 | AT50: 90 | AU50: 90 | AV50: 90 | AW50: 90 | AX50: 90
A51: PLTU MKRNG #5 | B51: 162 | C51: 0 | D51: 0 | E51: 0 | F51: 0 | G51: 0 | H51: 0 | I51: 0 | J51: 0 | K51: 0 | L51: 0 | M51: 0 | N51: 0 | O51: 0 | P51: 0 | Q51: 0 | R51: 0 | S51: 0 | T51: 0 | U51: 0 | V51: 0 | W51: 0 | X51: 0 | Y51: 0 | Z51: 0 | AA51: 0 | AB51: 0 | AC51: 0 | AD51: 0 | AE51: 0 | AF51: 0 | AG51: 0 | AH51: 0 | AI51: 0 | AJ51: 0 | AK51: 0 | AL51: 0 | AM51: 0 | AN51: 0 | AO51: 0 | AP51: 0 | AQ51: 0 | AR51: 0 | AS51: 0 | AT51: 0 | AU51: 0 | AV51: 0 | AW51: 0 | AX51: 0
A53: PLTGU MKRNG #1 | C53: 122.28 | D53: 122.28 | E53: 122.28 | F53: 122.28 | G53: 122.28 | H53: 122.28 | I53: 122.28 | J53: 122.28 | K53: 122.28 | L53: 122.28 | M53: 122.28 | N53: 122.28 | O53: 122.28 | P53: 122.28 | Q53: 151.25 | R53: 187.57 | S53: 187.57 | T53: 245.04 | U53: 281.36 | V53: 281.36 | W53: 281.36 | X53: 281.36 | Y53: 281.36 | Z53: 281.36 | AA53: 281.36 | AB53: 281.36 | AC53: 281.36 | AD53: 281.36 | AE53: 281.36 | AF53: 281.36 | AG53: 281.36 | AH53: 281.36 | AI53: 281.36 | AJ53: 281.36 | AK53: 281.36 | AL53: 310.21 | AM53: 281.36 | AN53: 281.36 | AO53: 281.36 | AP53: 270.72 | AQ53: 187.57 | AR53: 176.94 | AS53: 122.28 | AT53: 122.28 | AU53: 122.28 | AV53: 122.28 | AW53: 122.28 | AX53: 122.28
A54: PLTGU MKRNG #2 | C54: 180.85 | D54: 180.85 | E54: 180.85 | F54: 180.85 | G54: 180.85 | H54: 180.85 | I54: 180.85 | J54: 180.85 | K54: 180.85 | L54: 180.85 | M54: 180.85 | N54: 180.85 | O54: 180.85 | P54: 180.85 | Q54: 180.97 | R54: 180.85 | S54: 180.85 | T54: 180.85 | U54: 180.85 | V54: 184.66 | W54: 230.43 | X54: 248.24 | Y54: 202.67 | Z54: 186.46 | AA54: 182.1 | AB54: 221.23 | AC54: 258.82 | AD54: 326.34 | AE54: 280.9 | AF54: 322.06 | AG54: 251.74 | AH54: 251.74 | AI54: 180.85 | AJ54: 180.85 | AK54: 180.85 | AL54: 340 | AM54: 321.51 | AN54: 251.74 | AO54: 251.74 | AP54: 251.74 | AQ54: 251.74 | AR54: 196.45 | AS54: 251.74 | AT54: 251.74 | AU54: 251.74 | AV54: 225.17 | AW54: 183.73 | AX54: 249.33
A55: PLTGU MKRNG #3 .0 | B55: 165 | C55: 82.5 | D55: 82.5 | E55: 82.5 | F55: 82.5 | G55: 82.5 | H55: 82.5 | I55: 82.5 | J55: 82.5 | K55: 82.5 | L55: 82.5 | M55: 82.5 | N55: 82.5 | O55: 82.5 | P55: 82.5 | Q55: 90.22 | R55: 119.76 | S55: 165 | T55: 165 | U55: 165 | V55: 165 | W55: 165 | X55: 165 | Y55: 165 | Z55: 165 | AA55: 165 | AB55: 165 | AC55: 165 | AD55: 165 | AE55: 165 | AF55: 165 | AG55: 165 | AH55: 165 | AI55: 165 | AJ55: 165 | AK55: 165 | AL55: 165 | AM55: 165 | AN55: 165 | AO55: 165 | AP55: 165 | AQ55: 165 | AR55: 165 | AS55: 165 | AT55: 165 | AU55: 165 | AV55: 165 | AW55: 88.88 | AX55: 165
A56: PLTGU MKRNG #3 .1 | B56: 330 | C56: 165 | D56: 165 | E56: 165 | F56: 165 | G56: 165 | H56: 165 | I56: 165 | J56: 165 | K56: 165 | L56: 165 | M56: 165 | N56: 165 | O56: 165 | P56: 165 | Q56: 180.45 | R56: 239.53 | S56: 330 | T56: 330 | U56: 330 | V56: 330 | W56: 330 | X56: 330 | Y56: 330 | Z56: 330 | AA56: 330 | AB56: 330 | AC56: 330 | AD56: 330 | AE56: 330 | AF56: 330 | AG56: 330 | AH56: 330 | AI56: 330 | AJ56: 330 | AK56: 330 | AL56: 330 | AM56: 330 | AN56: 330 | AO56: 330 | AP56: 330 | AQ56: 330 | AR56: 330 | AS56: 330 | AT56: 330 | AU56: 330 | AV56: 330 | AW56: 177.76 | AX56: 330
C57: IPP | D57: IPP | E57: IPP | F57: IPP | G57: IPP | H57: IPP | I57: IPP | J57: IPP | K57: IPP | L57: IPP | M57: IPP | N57: IPP | O57: IPP | P57: IPP | Q57: IPP | R57: IPP | S57: IPP | T57: IPP | U57: IPP | V57: IPP | W57: IPP | X57: IPP | Y57: IPP | Z57: IPP | AA57: IPP | AB57: IPP | AC57: IPP | AD57: IPP | AE57: IPP | AF57: IPP | AG57: IPP | AH57: IPP | AI57: IPP | AJ57: IPP | AK57: IPP | AL57: IPP | AM57: IPP | AN57: IPP | AO57: IPP | AP57: IPP | AQ57: IPP | AR57: IPP | AS57: IPP | AT57: IPP | AU57: IPP | AV57: IPP | AW57: IPP | AX57: IPP
A59: PLTP SALAK | C59: 188.19 | D59: 188.19 | E59: 188.19 | F59: 188.19 | G59: 188.19 | H59: 188.19 | I59: 188.19 | J59: 188.19 | K59: 188.19 | L59: 188.19 | M59: 188.19 | N59: 188.19 | O59: 188.19 | P59: 188.19 | Q59: 188.19 | R59: 188.19 | S59: 188.19 | T59: 188.19 | U59: 188.19 | V59: 188.19 | W59: 188.19 | X59: 188.19 | Y59: 188.19 | Z59: 188.19 | AA59: 188.19 | AB59: 188.19 | AC59: 188.19 | AD59: 188.19 | AE59: 188.19 | AF59: 188.19 | AG59: 188.19 | AH59: 188.19 | AI59: 188.19 | AJ59: 188.19 | AK59: 188.19 | AL59: 208.77 | AM59: 188.19 | AN59: 188.19 | AO59: 188.19 | AP59: 188.19 | AQ59: 188.19 | AR59: 188.19 | AS59: 188.19 | AT59: 188.19 | AU59: 188.19 | AV59: 188.19 | AW59: 188.19 | AX59: 188.19
A61: PLTU KDL
A63: PLTU LBE #1 | B63: 625 | C63: 612.5 | D63: 612.5 | E63: 612.5 | F63: 612.5 | G63: 612.5 | H63: 612.5 | I63: 612.5 | J63: 612.5 | K63: 612.5 | L63: 612.5 | M63: 612.5 | N63: 612.5 | O63: 612.5 | P63: 612.5 | Q63: 612.5 | R63: 612.5 | S63: 612.5 | T63: 612.5 | U63: 612.5 | V63: 612.5 | W63: 612.5 | X63: 612.5 | Y63: 612.5 | Z63: 612.5 | AA63: 612.5 | AB63: 612.5 | AC63: 612.5 | AD63: 612.5 | AE63: 612.5 | AF63: 612.5 | AG63: 612.5 | AH63: 612.5 | AI63: 612.5 | AJ63: 612.5 | AK63: 612.5 | AL63: 612.5 | AM63: 612.5 | AN63: 612.5 | AO63: 612.5 | AP63: 612.5 | AQ63: 612.5 | AR63: 612.5 | AS63: 612.5 | AT63: 612.5 | AU63: 612.5 | AV63: 612.5 | AW63: 612.5 | AX63: 612.5
A65: PLTU JAWA 7 #1 | B65: 991 | C65: 691.9 | D65: 766.09 | E65: 722.05 | F65: 572.05 | G65: 594.6 | H65: 463.25 | I65: 470.16 | J65: 587.06 | K65: 737.06 | L65: 792.8 | M65: 901.6 | N65: 901.6 | O65: 883.42 | P65: 751.6 | Q65: 901.6 | R65: 901.6 | S65: 901.6 | T65: 901.6 | U65: 901.6 | V65: 901.6 | W65: 901.6 | X65: 901.6 | Y65: 901.6 | Z65: 901.6 | AA65: 901.6 | AB65: 901.6 | AC65: 901.6 | AD65: 901.6 | AE65: 901.6 | AF65: 901.6 | AG65: 901.6 | AH65: 901.6 | AI65: 901.6 | AJ65: 901.6 | AK65: 901.6 | AL65: 901.6 | AM65: 901.6 | AN65: 901.6 | AO65: 901.6 | AP65: 901.6 | AQ65: 901.6 | AR65: 901.6 | AS65: 901.6 | AT65: 901.6 | AU65: 901.6 | AV65: 901.6 | AW65: 901.6 | AX65: 901.6
A66: PLTU JAWA 7 #2 | B66: 991 | C66: 0 | D66: 0 | E66: 0 | F66: 0 | G66: 0 | H66: 0 | I66: 0 | J66: 0 | K66: 0 | L66: 0 | M66: 0 | N66: 0 | O66: 0 | P66: 0 | Q66: 0 | R66: 0 | S66: 0 | T66: 0 | U66: 0 | V66: 0 | W66: 0 | X66: 0 | Y66: 0 | Z66: 0 | AA66: 0 | AB66: 0 | AC66: 0 | AD66: 0 | AE66: 0 | AF66: 0 | AG66: 0 | AH66: 0 | AI66: 0 | AJ66: 0 | AK66: 0 | AL66: 0 | AM66: 0 | AN66: 0 | AO66: 0 | AP66: 0 | AQ66: 0 | AR66: 0 | AS66: 0 | AT66: 0 | AU66: 0 | AV66: 0 | AW66: 0 | AX66: 0
A68: PLTU JAWA #09 | B68: 1000 | C68: 980 | D68: 980 | E68: 980 | F68: 980 | G68: 980 | H68: 980 | I68: 980 | J68: 980 | K68: 980 | L68: 980 | M68: 980 | N68: 980 | O68: 980 | P68: 980 | Q68: 980 | R68: 980 | S68: 980 | T68: 980 | U68: 980 | V68: 980 | W68: 980 | X68: 980 | Y68: 980 | Z68: 980 | AA68: 980 | AB68: 980 | AC68: 980 | AD68: 980 | AE68: 980 | AF68: 980 | AG68: 980 | AH68: 980 | AI68: 980 | AJ68: 980 | AK68: 980 | AL68: 980 | AM68: 980 | AN68: 980 | AO68: 980 | AP68: 980 | AQ68: 980 | AR68: 980 | AS68: 980 | AT68: 980 | AU68: 980 | AV68: 980 | AW68: 980 | AX68: 980
A69: PLTU JAWA #10 | B69: 1000 | C69: 980 | D69: 980 | E69: 980 | F69: 980 | G69: 980 | H69: 980 | I69: 980 | J69: 980 | K69: 980 | L69: 980 | M69: 980 | N69: 980 | O69: 980 | P69: 980 | Q69: 980 | R69: 980 | S69: 980 | T69: 980 | U69: 980 | V69: 980 | W69: 980 | X69: 980 | Y69: 980 | Z69: 980 | AA69: 980 | AB69: 980 | AC69: 980 | AD69: 980 | AE69: 980 | AF69: 980 | AG69: 980 | AH69: 980 | AI69: 980 | AJ69: 980 | AK69: 980 | AL69: 980 | AM69: 980 | AN69: 980 | AO69: 980 | AP69: 980 | AQ69: 980 | AR69: 980 | AS69: 980 | AT69: 980 | AU69: 980 | AV69: 980 | AW69: 980 | AX69: 980
A71: PLTP SALAK BINARY | B71: 14.48911 | C71: 14.49 | D71: 14.49 | E71: 14.49 | F71: 14.49 | G71: 14.49 | H71: 14.49 | I71: 14.49 | J71: 14.49 | K71: 14.49 | L71: 14.49 | M71: 14.49 | N71: 14.49 | O71: 14.49 | P71: 14.49 | Q71: 14.49 | R71: 14.49 | S71: 14.49 | T71: 14.49 | U71: 14.49 | V71: 14.49 | W71: 14.49 | X71: 14.49 | Y71: 14.49 | Z71: 14.49 | AA71: 14.49 | AB71: 14.49 | AC71: 14.49 | AD71: 14.49 | AE71: 14.49 | AF71: 14.49 | AG71: 14.49 | AH71: 14.49 | AI71: 14.49 | AJ71: 14.49 | AK71: 14.49 | AL71: 14.49 | AM71: 14.49 | AN71: 14.49 | AO71: 14.49 | AP71: 14.49 | AQ71: 14.49 | AR71: 14.49 | AS71: 14.49 | AT71: 14.49 | AU71: 14.49 | AV71: 14.49 | AW71: 14.49 | AX71: 14.49
A73: Pembangkitan Area | C73: 9709.86 | D73: 9783.05 | E73: 9739.01 | F73: 9589.01 | G73: 9611.56 | H73: 9480.21 | I73: 9487.12 | J73: 9604.02 | K73: 9754.02 | L73: 9809.76 | M73: 9918.56 | N73: 10013.71 | O73: 10023.58 | P73: 10162.66 | Q73: 10334.92 | R73: 10584.71 | S73: 10750.42 | T73: 11533.85 | U73: 11649.49 | V73: 11694.43 | W73: 11774.5 | X73: 11812.01 | Y73: 11754.72 | Z73: 11727.11 | AA73: 11704.74 | AB73: 11839.9 | AC73: 11933.35 | AD73: 12008.18 | AE73: 11969.62 | AF73: 12011.63 | AG73: 11930.08 | AH73: 11856.57 | AI73: 11752.54 | AJ73: 11729.96 | AK73: 11660.49 | AL73: 12141.67 | AM73: 11932.38 | AN73: 11775.29 | AO73: 11730.98 | AP73: 11673.33 | AQ73: 11602.5 | AR73: 11348.44 | AS73: 10749.39 | AT73: 10636.45 | AU73: 10556.77 | AV73: 10381.67 | AW73: 10129.47 | AX73: 10374.32
A74: Beban Area | C74: 9627.72 | D74: 9554.22 | E74: 9379.47 | F74: 9315.41 | G74: 9278.71 | H74: 9173.48 | I74: 9124.92 | J74: 9117.17 | K74: 9232.92 | L74: 9455.65 | M74: 9709.84 | N74: 9740.34 | O74: 9858.58 | P74: 10092.41 | Q74: 10617.84 | R74: 11001.62 | S74: 11589.52 | T74: 11831.24 | U74: 12113 | V74: 12231.54 | W74: 12419.21 | X74: 12491.09 | Y74: 12450.63 | Z74: 12235.68 | AA74: 12167.96 | AB74: 12488.41 | AC74: 13026.51 | AD74: 12968.77 | AE74: 12992.34 | AF74: 12992.49 | AG74: 12980.97 | AH74: 12774.52 | AI74: 12644.29 | AJ74: 12447.18 | AK74: 12274.48 | AL74: 12493.19 | AM74: 12456.84 | AN74: 12306.78 | AO74: 12312.34 | AP74: 12197.25 | AQ74: 12115.22 | AR74: 12007.13 | AS74: 11923.24 | AT74: 11747.13 | AU74: 11438.12 | AV74: 11064.55 | AW74: 10975.04 | AX74: 10719.6
A76: RJBR
C77: PT. INDONESIA POWER | D77: PT. INDONESIA POWER | E77: PT. INDONESIA POWER | F77: PT. INDONESIA POWER | G77: PT. INDONESIA POWER | H77: PT. INDONESIA POWER | I77: PT. INDONESIA POWER | J77: PT. INDONESIA POWER | K77: PT. INDONESIA POWER | L77: PT. INDONESIA POWER | M77: PT. INDONESIA POWER | N77: PT. INDONESIA POWER | O77: PT. INDONESIA POWER | P77: PT. INDONESIA POWER | Q77: PT. INDONESIA POWER | R77: PT. INDONESIA POWER | S77: PT. INDONESIA POWER | T77: PT. INDONESIA POWER | U77: PT. INDONESIA POWER | V77: PT. INDONESIA POWER | W77: PT. INDONESIA POWER | X77: PT. INDONESIA POWER | Y77: PT. INDONESIA POWER | Z77: PT. INDONESIA POWER | AA77: PT. INDONESIA POWER | AB77: PT. INDONESIA POWER | AC77: PT. INDONESIA POWER | AD77: PT. INDONESIA POWER | AE77: PT. INDONESIA POWER | AF77: PT. INDONESIA POWER | AG77: PT. INDONESIA POWER | AH77: PT. INDONESIA POWER | AI77: PT. INDONESIA POWER | AJ77: PT. INDONESIA POWER | AK77: PT. INDONESIA POWER | AL77: PT. INDONESIA POWER | AM77: PT. INDONESIA POWER | AN77: PT. INDONESIA POWER | AO77: PT. INDONESIA POWER | AP77: PT. INDONESIA POWER | AQ77: PT. INDONESIA POWER | AR77: PT. INDONESIA POWER | AS77: PT. INDONESIA POWER | AT77: PT. INDONESIA POWER | AU77: PT. INDONESIA POWER | AV77: PT. INDONESIA POWER | AW77: PT. INDONESIA POWER | AX77: PT. INDONESIA POWER
A79: PLTA Region 2 | C79: 17 | D79: 17 | E79: 17 | F79: 17 | G79: 17 | H79: 17 | I79: 17 | J79: 17 | K79: 18 | L79: 18 | M79: 18 | N79: 18 | O79: 19 | P79: 19 | Q79: 19 | R79: 19 | S79: 19 | T79: 19 | U79: 19 | V79: 19 | W79: 19 | X79: 19 | Y79: 19 | Z79: 19 | AA79: 19 | AB79: 19 | AC79: 19 | AD79: 19 | AE79: 21 | AF79: 17 | AG79: 17 | AH79: 14 | AI79: 14 | AJ79: 14 | AK79: 14 | AL79: 14 | AM79: 14 | AN79: 14 | AO79: 14 | AP79: 14 | AQ79: 14 | AR79: 17 | AS79: 17 | AT79: 17 | AU79: 17 | AV79: 17 | AW79: 17 | AX79: 17
A81: PLTA SGLNG #1 | B81: 174.6 | C81: 0 | D81: 0 | E81: 0 | F81: 0 | G81: 0 | H81: 0 | I81: 0 | J81: 0 | K81: 0 | L81: 0 | M81: 0 | N81: 0 | O81: 0 | P81: 0 | Q81: 0 | R81: 0 | S81: 0 | T81: 124.35 | U81: 111.99 | V81: 133.47 | W81: 102.08 | X81: 150 | Y81: 150 | Z81: 62.53 | AA81: 123.94 | AB81: 90.18 | AC81: 150 | AD81: 150 | AE81: 150 | AF81: 150 | AG81: 150 | AH81: 150 | AI81: 150 | AJ81: 150 | AK81: 150 | AL81: 150 | AM81: 150 | AN81: 150 | AO81: 150 | AP81: 150 | AQ81: 150 | AR81: 150 | AS81: 150 | AT81: 150 | AU81: 150 | AV81: 150 | AW81: 150 | AX81: 0
A82: PLTA SGLNG #2 | B82: 174.6 | C82: 0 | D82: 0 | E82: 0 | F82: 0 | G82: 0 | H82: 0 | I82: 0 | J82: 0 | K82: 0 | L82: 0 | M82: 0 | N82: 0 | O82: 0 | P82: 0 | Q82: 0 | R82: 0 | S82: 0 | T82: 0 | U82: 0 | V82: 133.47 | W82: 102.08 | X82: 150 | Y82: 150 | Z82: 0 | AA82: 0 | AB82: 90.18 | AC82: 150 | AD82: 150 | AE82: 150 | AF82: 150 | AG82: 150 | AH82: 150 | AI82: 150 | AJ82: 150 | AK82: 150 | AL82: 150 | AM82: 150 | AN82: 150 | AO82: 150 | AP82: 150 | AQ82: 150 | AR82: 150 | AS82: 150 | AT82: 150 | AU82: 150 | AV82: 150 | AW82: 150 | AX82: 0
A83: PLTA SGLNG #3 | B83: 174.6 | C83: 0 | D83: 0 | E83: 0 | F83: 0 | G83: 0 | H83: 0 | I83: 0 | J83: 0 | K83: 0 | L83: 0 | M83: 0 | N83: 0 | O83: 0 | P83: 0 | Q83: 0 | R83: 0 | S83: 0 | T83: 0 | U83: 0 | V83: 133.47 | W83: 102.08 | X83: 150 | Y83: 150 | Z83: 0 | AA83: 0 | AB83: 90.18 | AC83: 150 | AD83: 150 | AE83: 150 | AF83: 150 | AG83: 150 | AH83: 150 | AI83: 150 | AJ83: 150 | AK83: 150 | AL83: 150 | AM83: 150 | AN83: 150 | AO83: 150 | AP83: 150 | AQ83: 150 | AR83: 150 | AS83: 150 | AT83: 150 | AU83: 150 | AV83: 150 | AW83: 150 | AX83: 0
